gRNA_seq,count
TCAGCTCCATCTCTCCCCCA,1865
AATAAGCATTTATCACAGTG,159
AGAGCAACCTGTATAAACAC,654
AAGACAAGTTACCTTCAGAG,387
AAGGAATTTAAGTTTACCTT,4
CAAACATATGCTTTCACATC,76
GGACTGTACGCACCAGCAGT,121
TCCAATGGTCAAGCGTGGTG,11
TCTTCATTACGGGAACAACC,120
TCCTTGGCGCGAATACAGCA,626
TCGGCAGTTCCGCTACCAAG,784
ATCCAGGTGTAGAACTCTCG,362
TGACTGCTTTGGAGAATACG,304
AGAAGATCATTCCTTATGTG,34
AGATGCTAAAGAGCACCCTA,3
CTAAATGACCTGTGTGACGA,13
GGAATGGAAAACCAATGCGG,259
CACTGTCATATACTTACGAT,197
GCTATATCCTCAACTTCCTG,31
GGTCAATGAAGCAGTTACCC,115
GACAGAGAAGGACTACGTCA,133
TCCTTATTGAGGATGCCGGG,427
ACAGAATACATACACCAATG,142
CTCCACCGGAGAGACCACGG,827
TCATAACTCTCTGCGAAGGG,332
CTGCCCGGAAAGTCAAAACG,409
AGGCACTAACTTGCCATCCG,42
AATAGACGAACTGGCCAACA,11
TCCGCATTAAAATGGGTCAG,4
AGCACAGCACGGTAGTCGAG,24
CTGGTCCAGCAATTCCACCG,1868
GCTGGCCGTTGCCAACGACG,1348
GGCTGCCCCAGAAAACCACA,492
CATTCGGCACATACGTAGAG,371
AGACTCCAGAAACTGGGCAT,387
GAGTAGACACAGTACCACCG,66
CAGGGTCCACGAAACCCTGG,81
GAGACTGAAAGGCGGCAGGG,548
AGCAGCCCACAGCCTATACA,469
ACAGGAAGACCAGGAAAACG,436
GCCAACTTTCATCAACAGTG,731
CATTCACAGGGGGTCCGCAA,1509
ACAACTGCCTGAAGTGCAGT,736
CATACTTACTCAAATCTCCA,229
TGCAGCACGCTGACCGCGGG,872
AAAACCGGGTTGCAGCTCAG,602
ACGATGACAGGAAAGTTCGA,627
CCTTTGGAGCGACTCTGGAG,428
AGACGAATCTTAGAGGACTT,79
AAATCGGAATGCTTCCGTCG,683
TGTGACCACAGATGTTAACC,10
CTTTCGCATAATAAAGTGTG,9
ATCCAGGTTTACACCGACAG,331
AGTTTCTCATCACGATCCAG,671
GCTTGAGGCTTACCATCGCG,27
AGACGGTCCACTTCACCGTG,81
AGTCTACTAGAAGTATCTGG,15
TCCCACCGGGAATCCCTCCG,3
CCCTGGACCCACACTTAGAG,3
TGGGGGAACTCATAGAACAT,16
CGTGTCGGGGTTCTCAAGAA,7
TTGGGGCGGAATGAAAGAGT,17
GCGGCTGACTGACCACCTAA,32
AGAGAAGAGCCTCCCCAAGG,19
ACTCTACAAGCTCCTTAGCG,3
CCATGCTTGAAATATCCATG,41
GGGTGGCTGCATATACCCCG,26
TCATCCACTCGAGACTTCAG,592
CCACGAACACCATTCCACAT,1060
CTGGCATTCGAGGAGACCAA,40
TTGAGGCCCCTATCTCCTCG,31
CCCACACCATCTACCCCAGG,135
GGGCTGCACATACTTTACCG,30
CTTTATTAAAACCCAAATTG,90
CTGGAGATTAGCTACGCCAA,207
CGCCCAGGAGGCATTCGCGG,41
CAAAAACTGAATGATCGAAG,25
GAGTGGTGACTCCCGCGGCG,32
AGGCAGGTAGTACCTCAAGC,13
TTATGGAATTACAAGGGACC,30
TTCACTATCCATGACCTGCG,26
AGATGAACCTGCATTGTCCG,411
CTCTAATATAGCTTCAAGTG,11
AGTGTCTAAAGCACTAGACA,25
GTGTGCACCGTTCTACAATG,13
AGACAAAGTTCTTCACCCAG,12
AATGTCTACCGCGTTATCAG,4
AGATGCTGCGCGGACCTACG,5
AGCACATTTCAACTCCGGGG,44
TCTGCGAAAGCTTATTGATG,114
TTCCACAAACAGGTTGTAGT,373
GAGTTCGCAGAGCCTCGACA,575
CAGGTGGGCTCAATCACTGG,1033
GAACGCATTGTGAATAAATG,61
GCAACTCAACTGCATCATTG,735
TTAGACGTCCTAATTGTGGG,143
AGCCGCCCACGGAACCTCCG,1432
CATTAGTTTACCGTAAATGG,162
GCCGGAGGTAATCCAATCGG,771
ATTCAAAAGTCCAGAATCCA,165
AGAGTGATCGAGCTGCTCCA,903
CCTCGGAACGTGGAGACACA,451
CTTCTGCCTTCTGATCACAG,48
CCATAGCTGCCACTCAGACG,26
GGCTGTCCGAGTCAGCCGCG,36
CTCCGCTTTGAACTGCTAGG,513
CAAAAAAGTAGCACCTACCC,115
TCTGAGCGGTACCTTTACAG,527
CTGGGTCGAGGGTCCCCATG,1422
CCCCAGCCCTGTGCTATCAG,1379
CAGTTACCCAGATTCAGATG,488
TTAACTTGGGTAATGGGTGA,478
GATACTCTACGACCTTACAA,174
TGAAATGATAGCTTACCCCG,303
GGGCTGCCCACCATTATCTG,1871
TAGTAAGCTGTTCACGACTG,351
TGTTGTTCTGAGCTGCCAAG,926
CTTACTGAGTCACAAAGCCA,293
GTGGGCTGCCGCATTCAACA,1478
GCCAGGCGAGAGTCAATGCG,963
GAAGAAGTCCACGCCGACTG,1122
GTGATCGGAGACTCCACGGT,826
GGCCCCTGGTGCCAACGTGG,450
CACGAGCCCGAGGACCACCG,1152
CTGGGTTTGCGAGCCCGATG,793
CACACACATCGCCGGAGCCA,2358
GAGGTCGTGTCAGAGCGTGG,904
GAAGGTTCTTGAATCGGTAG,201
CTTCATGGCAGTGATCAGGT,470
ATCGACGTAGCCTAACGCTG,546
CCTCTGCAATGAGAAATTCG,317
TGATCCTTTATAACCGGACA,363
GGAAAACCTAGACCCCGTCG,301
CTTGACAATAGCCTCCCCCA,9
GCAGTGGGACATGTGTTCGA,1503
AAGATTACGGCAGAGATCAG,37
ATTGTTCTTTCGAGATACGC,493
TTCCACGCTTTCATCTTACG,911
TGTCTGCTAGCACAGAGTAA,167
CCCGCACAACTCGAGGCCGT,1936
AGCGAGTATTAAACACCCTG,150
TCCCGCTGAGAAATGACATG,14
GATGAAATGAACCTAGAGCG,39
ACAATGGTCATGTCTCGGCG,5
TCAGTCACCTCGATACGCGG,18
ATCACGAAAGAACAAAGCAT,206
GAAGATTGTGGCATCAATGT,191
GCAGGCCATTGTGATTCATG,653
TGTCCAAGTCAAAAGTACGA,14
GGACCCCTACTATTGCAACA,374
GTTACTGTGAACATTGGCCC,458
GAGTAGTAGCTAGTCAGCGT,860
CATCCTCCAAGCAAAGAGCG,274
GTCGCAGTTCAACTACAGGG,458
CATCAGTGATATCGATACGG,912
TGAGGGCGTTCTTACCATGA,961
CATGAACTCCATCACTAGAG,62
TTCAGAACGGTTATCCACGG,348
CAGAAATGTCGATGCCCAGG,676
AGAATCGTATGATATCGCTC,37
TTGGACGGTTAAACCCAGTG,345
TCTACGAAACCACTCTGCAA,129
CAGCGACAAGGAAAGCCCCG,522
CAATAAAATCCACACCATCG,321
CTTCATTGCAGACCCCCCAC,1163
AAGGACTGTCCGACTAAGAG,292
TGAGAGATTCAGTTTCAAGG,129
GGGGTGTTATCCGTGAAGAA,89
GAGCCGTATTCGGTTCTCGA,612
AACCCAAGACTCGTACACGC,753
CCTGAGGGATCGTCGAAGCG,1795
ATACACCATAGTGTACGACA,276
AAGGGTGGCGGTATTTCACA,781
TTATTCGAGAAGCCCTACTG,476
TGACTCAGGATCAACATTGG,1163
ATTTCCAAGGGATAGACCCA,254
GAGATTCCAAATTTACGCAG,181
GCTCACTGGTAGCGATGCTG,685
ACGCGCGTCAAGATGTCCAG,1830
TGAGCGCGGACACCACTCCG,2581
CAACCTCCATCAATTACCTG,37
ATAGAGAACATCAAGACGGG,9
TCATCACTATCAAATCTTGG,16
AACCCTCTGATCCTTTAACG,1
GCGAGCAGCGACACGTAGAA,56
AGGATGGCCGGATTCGAGAA,503
AACTTCGTCGGGAACCCGGG,432
CCCGATACGCACCTGACCAG,1211
GAGCTTAAGATTCGAAACCA,499
TCTTCCGATAGGTTAGAGGG,377
AGATCCAAAACATCGCCCTG,579
GTTGCAGCGCAGGTGAAGTG,629
CTCACCTGGATGCACAGTGA,742
AAGCCTTGATGGATAATCAA,202
AAGCAATGAAGGAACGTGGA,161
CCTTGCCCAAGTCTTCACAC,923
ACAGGCTTGTTGGCTAGATG,3
AGCTACAGCGGGCCACCCAG,945
TTCCTCTGCCTGACCCACCG,632
GGCATGGACACATTCTCGTG,82
TTACACCCTCAGTCGCGCCG,14
CAGTTGAACAGGTAGCAGCG,79
CGGTACGGCGGTCTACCGGG,91
CAATCTCGACGTAAGAAGCA,15
CATCCGAGCCGAGTCTGTAG,432
GGAACTCCACCCGTACTCTG,324
AGAAGCCGGCCTAGCCACGA,1303
GCCCGAACCGACCAGCTGTG,2072
TTAAGATCCAGCCTGAACGT,785
CAGTTCTACACTACTACCAT,127
GCCCACAGAGTACGTTCCTG,22
CAGGCCGATCGATGAAGAAG,65
GTTCCCCGTTCACAAGCCCA,435
GCAGCCCAATGCACCGACTG,1964
GTGCTATTTAGTGCAATCGG,23
ACGGTGCTACAGATGTCAGA,577
CCTTACATGTAGCAGCGCAG,226
GGAATATACAGTTCTTCACA,87
AGACTGAAAACCGACCATAT,512
GGAGATGGAAGGATTTCCAT,666
ACCCAACTCAATGTGACCAA,444
AGGATGGAGAGAAATTTCCT,323
GCTGCAGCACCCGGTCATCG,1657
ACTCTCTACCGAACCCGATA,474
GAGACCTTGACTATAAGCGG,39
GGTTGAGTCACGATAACTGT,323
CTGAAGAGTACGCCATACAG,486
ACTGGGGCTGAATAACACTT,176
CCCCACTTGGCAATAAACCG,550
TGGTGGGTGTGCTTACAACG,599
GATTGCATCCGAAATTGCTG,203
GCTTCTACGAGAGCGACCGG,632
AGATGAAGGTCTTTACATCG,369
AAGGTACTGGTCATACAACT,258
AGGGACATAGGATTCACCAC,295
TGAGGCGGAAGAGTGGACTG,14
GGCGAACAGCTGGAGCAACG,36
GTCCTGACCACCGAGTAAGA,17
CCCGACGAACTGCAGCGACG,27
CTGATGGTAGTGGTCCTCGG,15
TTGCTTCCGTCGATGACCAC,623
CAAACACGGTAATATCTGTG,574
TTTGATGAGTCGGTGCTTAG,1096
GCTCAACAAGTGCTCCGCCG,1169
ATGTCTTATCAGATCCGACA,416
TGAACATGATCTGATTGTAT,224
ACATATAAGAAGCGACACAA,210
CCGAGCGAGAGCTTACTCGG,911
ACACAGTAGTAACCTTGGCC,323
CTCAAACATTCAATCTACCG,458
GCTTCCAACACTCAGCAACG,557
AGTACCTAAGGTTGGGTACG,195
TTCTTCGGCCAGTAGGACGT,9
GCTGTGTGACAACGTGACAG,81
GACAAGTAGTCCAAGGAACG,339
TGTCATCAGGATGACAACTG,497
AGTCCCCAAACGTAAGGACA,12
TGCTGATCAATATTACTGTG,14
TTGAAGACACGGCCCCCAGG,24
GCTCGGTTGATAGAGTCACT,10
CTATACCGGAAAGAATATGA,13
GAAGGCTGACAAGCTCCACG,1197
GAGACCTGCATGGCATACCA,96
TGACGGTGTATAGATGCTGT,492
AGCCGTTGCCAACCCAACTG,1279
CAAGACCTGTGTCTCCAACG,892
CATATCGAGAGCTGCCATCG,1194
AGGCAAGACTTCCACAACCC,475
CATGTTAGCAATCTGAAACG,325
GAGAGGCTCTTCGTTGACAC,892
GAACTGTAACGCGAGCCCGG,462
ATCGGTAGTGAAACTCCTAG,310
GAAGAGTACCAAAATCCTAA,208
GAGGGCATCTTCAACCACAA,82
AATGAATGACTTCGATACGG,4
CATCACCCTCGCCTACTCAG,65
TGAGGAACGGCACGTAGATG,573
CGGATGTCAAGACAACTACG,330
ATGCGGCAACGAGAGACCCG,789
TGCCAGTTCACCACCAACAG,57
AACCGCGTGAAAAGACTCGT,5
ACGAACTGGACCATCGAGCA,13
CTACACACCTGGGTACACAG,366
GCTAGAGCTGAAGGATCCAT,31
CTTACCCACTGACTGGAGTG,26
TGTTTGACATTACTAACCGA,406
AATAACCAACATCATCCTGG,26
TTTGTGGGCGCTGCTATAGG,5
TGCTCTCGGTAAATGCTACA,18
GATTATTACACTAAACCCCA,34
GCGGACCCAAATGAACGTAG,611
CTACCGCCAAGACCCGACGG,1984
ACTCGGCGATAATCCGCTCC,1415
AAGAGTAGCTCACATCGTTG,417
GGAAATGTACAAGCGCACAT,179
ACCTCGAAGCTGATTGAAGG,5
GAAAGCGGCTCAGATACCCT,21
TCAGATCCATCTCATCACGC,27
TGATGGACGTTCAGAACGAC,21
AACATCCTATTCGCCAACAG,5
TCAACCACGGTAGCCCCGCG,1089
AAAGCCGTATTGGTACCAGG,214
TGAATTCCACTCGACCATTG,1078
GCTCCGCCGCCGTTTAAAGG,429
CGTTCGAAGGATTGACCGAG,984
GCTGAGGTCCACCGCCAACA,1617
GGGGCTTGTCATCCAAGGCT,478
ATCCGCGGGATCGGTGCGCA,3
CCGTCGAGTCTGCACAACCG,1696
GGAACAGAATGCCTCCCCCG,825
AGAATACTGACCCTCCACGT,16
TGAATCGACTAAGTTTCTCA,10
TCTATTGTGTGGAGTATCAG,15
CCTGAAGTTATATGGCACTG,9
TCCATCCAATTAGGCGACCT,359
GATACCACAAGTTCGAGGAA,314
ATCTGCAGAGATCGAGCCAG,179
ACAGCACTTAATCTTATCCA,254
TGTCATTTCTTATCCCATCG,393
CTTGAAATGGACCAAAGCTG,875
TACAACCAGAGAAACCCCAC,169
GTAACCCACAGAGTGCAAAG,180
GGCAGTGACTCCGAGTCGTG,1925
CAGTACAGCTGAGACACGCG,775
CACCGGATCGTCCAATTCCG,1123
CAGGACTTCTGGTCTATCCG,907
TAAGCGTTGTTGACTACATG,259
GGAATACCAGCAGCGCATTG,30
GATGGTGTCAACGTTTAACA,21
TGGTGCTTACCCGTCCATAG,4
ATGCAGCCAGGAGCTATGGG,460
AGTGGAACGCTACTCTAGAA,301
CCATGTACAGAGCTCGCCTG,1326
ACCCGCATCTTAACACACAT,284
AGTTTAACCCGATCCGAGTG,637
GCTCTTGCGCAAACTCACAG,576
ATCATCGAGTGTCAAGCCGT,772
TATCGAGGCTCCTATACTCT,4
AGTAGTTGCAGACATCGCAG,172
GATAGCGAGTTATGTACACC,23
TTGAACGTAGTGTCAATGCT,25
TGTTACCCCACCGCAAGGGG,8
AGAGAAAAGAGATAGGACCA,108
TACATGCTCCATTTGCAGGT,17
ACAGCCTACCACTAGCATGT,878
AGGACACATTGTAATCAAGG,68
GCTGCAGCTCAGTACCATCG,1340
ACAACCGAGCCCAAGCCCGG,13
GAGCGCGCGGTGACATTGAG,56
ACTTCACGACAGTATATCGG,350
ATCCCAATGGTGTAGACCAG,146
CAACGACAAGGCCCGTGTCG,1479
GAAGAAATGCCTGAAGTGGT,265
CATCAGTGGACTACATCAAG,625
CAACCTGAAAATCACTGACA,670
GGACCAACTTCTTTGGCGAG,683
AGTTCCACAAGCACTATCCC,562
GAGAAAGACACAAATCACCA,154
CTATGACCACATGACTAGCA,509
GTAGCTGGTCTCAAGATGGT,34
TAATGCTAGACGGAAACTGA,65
CGATATTCTTGACATCCCGC,16
CAAGATTGCCGAAAACGTGG,327
TTCTCGGTAGTCTGACTGAG,374
TGGCCTCACCATTAACCTAG,458
TGAGGGAGTTGAGGCAAGAG,403
GCATGCCAACGCACCCTCAG,873
GGACTTTCAGGGTGCTACAG,205
GTTTAACAAAGAGCATACCA,177
ATGTTACTTACTCTAGACAG,10
ACAGTGACCACCACACAGGT,909
TTGACGGAATGAACTGTACG,181
TGGAACACTGGTCAATGGAA,117
GAAGATCCCGTTCATCAGGG,430
TTGATCTCCACGTTGCAGAG,324
TGATCCAGTAGCGACAGCCC,823
CATCTGGCAAAACAAGAATG,292
TTGTTATATAGACCCCACGG,179
AAACGTCCCTATGACGAAGT,314
GGGTTCCGAATCGGGTTCGG,798
GCCAGACTCACAAGTTCGTG,1253
GCGTGGGATAGCGGTTGCCG,1666
GCATCTGTCACATACGACAG,964
TGAGGCCCCTGAGACCAAAG,702
TTATAAAATAGGAAGGGCAT,19
GAAGATGGATGTGTGTCAAA,300
TACAGTGATTAGAAACATGG,23
AGAGTATATCTGTGACAAGA,23
TACAATCAGACAAAAGCCTG,344
GGCTTTATCAGATCCAACCA,449
AACAACTATTACCTCAGACG,10
ACAACGAACTCTCACCACCC,1547
GCTGACGCAGGACTGAAAAG,350
GGTGAACATCGGCTCCACAA,924
CAAAGTTGAGGATCTCGTCA,698
ATCCTAGATCATGACTAAGA,21
AAGATTGGAGCACTTGCTGC,1004
TGCTTCGAGCTAAATCTCGA,602
TGAGCTTGGTGACAAAACTG,430
TTCGCAACGCCAGGTTTCAA,676
GGAGAAACCTAACTCGTCCG,54
ATCCACGTGTTGGCTCAGCC,571
CAGAAGCGGAATATTTACAG,334
AGCAGAAGACGTAGTTACTG,77
GCAAGATGATCCCAATGAGT,440
ACCTGGCCCGTACCTGACCA,782
GAGTACGGCGTACCCACAGT,144
TGACATTCAGCAGAGCAACG,276
GTGGCTCTGCTACTCCAATG,427
TGGAGACTAAGAGCGATCCA,303
ATTACACGAACGTTCCCCTG,966
CGAACTCGTTCTCCGAACCG,1070
GCGTGGCCATACCAGCGTTG,985
ATCCCGAATGTGATGCCCAA,472
GCAAGTTTCCACAAACACGG,906
GACTGGGTGAGACATGCCAT,427
TGATTACGGCGAAGACCCTA,360
TTAAATTTAGCCGAGACCAG,348
ACTGTGAAGCGGATTGACGA,214
ACCGGAGCAGAGTCGGCTCG,5
TGCACACATGAGTAATAGGA,270
TTATGGTGGCAATTCAAACG,921
TGAGCAGAAATATTGACCTG,417
TCTGACGTTTCGGCACAGTG,1312
ACTGATGTAAAACACACGCG,560
CTTCTTCAACAATCAGATCG,27
AGCTCGGACTGTAGAGCTAG,426
AGACAGTGGTAGTGGAAACA,219
GTGAGCTTCCCAATATCTGG,82
TTGTCTCTATTGCCCCAGTG,364
CAGAGTCTGCATCTCACCGA,1037
GACTAAAGTTCCCCTAACTG,122
GGAGTGCCTTTAAAACACTC,269
CAACTGGTTATGGCAACCTG,423
GAGGTCCAGTAGGGCTAAGG,40
CACTGCTACAACAACCTAGC,39
GGGACAAAACTAGGGTGACG,265
GCGGATTTGCCGAATCAACA,325
AGAGATTATGACCCTATGCA,113
TACACCCACATAGCCTCGTG,1110
GGCCCGCTGAACTTCCGTCG,1243
GTTCAAAACGCCACCCTACG,369
AGTGCTCCGTCCAACCCGTG,726
TGTGGCCAAGAGTTCCATAG,13
GCTACAAAAGTGTTTCGAAG,136
AAGATCATTCTGACCTACAA,439
CATCAATATATCATTCACGG,258
CCAAAACTGTCTGTACACAG,458
CAGCTACGGCATGAACCCTG,101
TCATAATTGTTGGTGCCACA,267
GGATCCAGCGTCCCACGAGG,64
ATACCATTTAATAGCAAACC,106
GGCAAAGTTGGGTACACACG,431
ACTTGGAGGACTTGAAACGT,15
CTCAGACCGCAAATATGAGG,225
AAATGAAAACATCCTATGAT,53
GTAGCCGCCAACATTGACTG,24
GGCGCCAAAGGTGCTGAACG,516
TTGTGGTGGAACATTGCTCG,840
AGCAGCAAATGTGATTGTGG,443
GTGGGCACGAGGCAGCGCGA,1203
ATGATCCAGTTACTAAACAA,27
TGCGTAACTCAGTCAGAACG,15
CAGTCACTGTAATTCGATAG,345
ACGAGGGGACGTGTCCCACG,774
TACCAGAACGCCCTAAGTGG,7
GGTGTCAATAGATACTGCGT,577
CGAAGACCGTAAGCGACATG,57
AGAAGACATATTTATCCCGG,239
GAAATGCATCTGGGTGACGG,14
CTGTACACCTGACTAGCGAG,16
GGCAGCGAGCCGGAAGACGT,29
TCATAAATGTAATCGGGACA,178
CTTGGAATAGCCATCGTACA,499
ATAGTCTGGCTCGTTCCGAG,490
CTATGCGGGAGATCCTTCGT,91
ATGGGTAGAATACTTGGACA,170
ACTGCTGAGACTCTGGACAT,8
GTGACTATGTGGACTGATGT,515
AGACGGTATCCACGTGAACA,9
CAACAAAATAGAGCAAGCTA,243
TTGCATGCGCACCTTAACAA,203
TTACCTATTGTCAAGTCTCA,80
GTAGCGAACCTAAGACTGTG,36
GCCTTACAATAACGTCACTG,434
AGAACCTTCTAACTCCCTCA,187
AGCTCGGTTTGACAACGAGG,496
GAGACACAAACAACTCAACC,744
CGAGCGACGGCGACGAGATG,2800
CCACCTGTCGCACCCCGCGG,1533
CATTTACTCTACCCCGACGA,1780
GATGGTGGATTAGTGCTAGG,407
AAGAAGCACTGCTACACCCG,540
TTGTCATGCACAATGGTGGG,360
ACTGTTCACATGATTCAACA,58
ATGGGAGACCAATTTCAACT,229
GAACCAGTAGCCATAAAGTG,522
CAAGATTGGCCAAGGTACCA,475
CAATACCGGCTAATTTGGAA,18
CGGATGTTAAAAGCCACAGA,120
AGGTAGGACTGGAGTACGTG,494
AAAGCCCAAGACGGACCCAG,724
AGTGTTCCCTCAATCCAGAG,194
ACACCAAAGCAGAGTCGTAG,228
GTACCTTAACTTGAGTTACA,90
GTAAGTTGGCATGTCACCTG,731
GCATACATGATGCACGTAAG,390
ATGCACAGCAGCTCACTGAG,618
GCTCAAACCATTACAGAAGG,177
GACAATGAGGAGGATCCCAG,209
CTGTCAAATCAGACAGACGC,619
TGTACACTTTGTAGACAACC,254
TGAAAATGAACTATACTGGG,152
ATGCCTCACTGGATCATAGG,404
CCCATCGATGAATCCATGAG,32
GTGAACTCGGCTATCTTGGG,548
GATATGACCGTTGTTCGACG,1256
CTTCTAAACGTACTTCTGGG,10
GCCCCGGAAATCATCGACCA,34
CACTGCTGCCCCCGACCAGG,2289
GTATTCAGATCCCTTGAACG,139
TGAAGGATGATCTGTATGTG,12
AAGTCAGAGCCCTACCAACG,413
TGGTCTTGGTGAGTTCGCAG,531
TGAACTACCCTGAAAATGGG,471
TGAGGGCTCTGCCAACTAGG,359
CAAAGGTATCAGATACACAC,483
CAAGACTCGAATCCTCCCGG,1486
ACCTGCCAAGACACACCTCG,1203
CCAGGCAGTCGTCCGTGACG,32
ATTGACGTGGTGTATAGTCG,664
GGACAGACGAGGATCAGTGT,698
GCTGTGACAGGCACTCATTG,651
GGACATCGGTGTCTCAATGG,415
AACATACCCAGTGTGCCAGG,331
CAGCAACCCTTGTCACAAGG,463
CTCACTACAGGTCAACCCTG,710
CCAGACGGAAGGACCTGTCG,33
ACACACTTTGTGGAACGGCG,5
CAGTGTAATAATCACGCATG,385
GAGGATGCGTTCGGTCTCGG,1596
CATATCTCGGGACTTTACCA,820
TAAAAATGGATCAGATGACG,124
GCGACAGTCACCAAAAACAG,423
GTAGTCACAGTAGCTCCACT,53
CGAAGCACGAGAAACGATTG,35
TCAGACTGTGACTTAGGTGT,594
GGGTTCCCGACTATCGACAT,44
GGGGCTACTCACGGAGCCAA,741
TGTGGTCCAAGATCGAGCGC,1110
CTTCTCTGCGTAAATCAGAT,346
TCCAGCGTCACCAGTGACTG,577
TTGCCTTCGCCTATCAGAGA,314
CTTCACCCCATACCGGATGA,708
TAGGCAATTGCACGGACGTG,525
TGTGTGTGGACACGGGACGC,367
GATGATCACCATTACACCTG,764
CGAGTTCTTCTGTCGCACGG,39
TGGATTCCAATACTTCGACC,202
CAGGGATATGTGTTGATGTG,186
TGTGACAAAATACTTGAATG,128
TACCCCATTCTCATCGCACA,492
CGACAAAGACCACTTGACAA,855
GAATGAGGTTTCGATGACCA,33
AACACCGTTATCTGGCAATG,2
AACCACGGTCTGATGCCCAG,698
TCCAGGGCACAACCGGACGT,1495
CGTAACCGATGGCATAACCT,21
TGATGTTCCGAGCCCCAATG,603
AAGGAACAGAAGGCACCAGG,318
CTCACCCGAACAACCCTCGG,863
CGTACGACTATCAGATACTT,46
CCAGAACCCCACCAACGCAG,1001
GTGGGAATGTAAGACCGACT,350
TAGACATACTATCATCCATG,216
AGAGGGGATTCCTTGCCTAG,326
ACTTAGCAATCTCGGCCCAA,729
CTCCCTGATAAACTCAACTG,17
GTAAGCTGTATTGATGAGCT,57
GAGGGTCTTACGGACCTCAG,220
GGGAGTTGCTCCATAGCAGG,256
ACTCACTCAAGGCATCCCAT,737
ACCTCGGTCACGGTCTCCCG,1859
AAGCATGGCTTATAGACCCG,257
GAATCCTGTCAGCTCGACGG,1271
CCTTCCCACAGACACGATCC,1331
TACGTTTAAGGAAAGTGCAA,158
GTGATGAGATCCTTGCGGAG,700
TAGTAGTGGCTATTGTTGGA,250
TAGAATGTACCTGCTAGACA,108
CAGCAACGAGACCCCACGGG,813
CTGCAGTCCCCGGTAGAGCA,82
AGTCCTATCTAGTTACCGGT,271
GTAGACCAGGCACCCAACCT,55
CTAACCCTACGGCTTCGGAA,641
GAGGATCTAAGAGTGCACCA,562
AGGCCAATGGCCTGATCCAG,322
TGATGAAACTTGGACTATTG,109
ACAGACCTCACCTATAGGTA,480
AGTTTACCGAATTGTCCCCG,487
AGTGCTGGGTTTGTGCAGTG,1160
AGGCAGCCCGAGGCGCAACG,1160
TGGGAAGTAGACCTGACTGT,635
TTTAGTCGAATCCAGGACCG,870
CAATAACAAGACCTACCGGG,506
TGGGTGATCGTGAACCCCAT,692
CCCACACATTGTGCACATCG,1135
GACCGCATCATCAGCCAGTG,2032
GTACAGGCTCGCGCCCTCGG,964
GAAATCATCGAGTGTCGGGA,22
AAGCCCTGTGAATATTTACT,60
TCATGACGTGTCCCACACAG,573
CCAACTTAATGGACTCCCGG,723
GCATGTGGTCCTGATACAAG,1229
TTGTAAGTCAAATAGAGACA,87
CGAAACTCGATGACTCCTCG,2418
ATCCCAAATGGAGCACGCCA,850
GCTTAGACGTCTGCCCTCGG,1709
GGAACAAGGTGACATTGTGG,775
CACTTGTCAATTCACACACG,822
ACCCTAACCAAGTGTACTAC,352
GGCCATGGGTGTTGCGACTG,13
TGTTCATTATAGGAATTATG,28
CACAGCTTCACAAACATGAA,446
ATACACAAGACAGTTCACAC,780
CAACAGACATTTAATAACGA,238
CTCATTGTCCAGATACACAC,216
AGCAGAGAGGGAACCATTCG,777
GGAAGTGTCCCGGCTTACAG,338
TACTGAACGACATGTCCACA,312
TCTGGGGATGTATTAGCCAA,122
TCCATCCAGAATTCCTTACG,153
GGCTTGTATTGCCAACAGAG,128
GCTCCAGTATAGCAACAACG,362
TGTGGGGAGAGGTTTGACCG,1058
GTGCTTCTGAGGGAGTGGAT,170
TACAGGAACCTCAATGCTGT,294
ACATGGATGGATGTCTCATG,13
TCGACAGCAGCATGTACCCG,1328
ACCAGTGTTTGACCAACCGA,988
CCTTTGCAGACCCCGCAGGG,283
GGGAACTTACCTAGCCACAT,778
GCGAGTGAGAGTCTGTGCCG,1557
AGGTTGAACACGCTGCCTCG,21
CCATCCATGGATCACCACGA,878
GGTCCTTACCAGAATCGCTG,384
CATCCGTGCGAGCTCCACTG,1599
GCATTGCAAAACGCCTGTTG,32
GCTCCTGCTGGTCAGAATTG,546
CAAGATGAACTGCTGGCTGT,1585
ACAGAAAGCTCTGCAAGACG,694
ACGACAACCCGATAATGCCA,10
GTGCAAGGCAGCAACATCCG,682
TAGAGCAGGACTTACCGGGG,665
TTGATGTACTCGACAGTACG,677
TGATGCTATTCCGATCACCG,151
ACGGGCGGGATTCTCAACGT,1024
AGAGGATTTCTACCGCTCCA,158
CATCCAGTAGATCCTAAGTG,29
CAGCCCTTGGCGGAGCATCG,853
CAGACTAGGAGTGCCGTCCG,999
AGCCGTGGAGCTCTGTACAC,305
TGAGGTAGACGTATTTCGGA,486
CATTCGACATGGAACCACTT,588
CCATGGCCAAAGAATCATTG,36
CAGTCCCACACCAAACACAG,941
TCCCTGAAGGGGTCCTTCGG,729
AAGGGGTGGACATCAACAGA,8
CTTCGGAGGTTAGCGCATGG,1017
GAAACATAAGAACTGTTGGA,181
GGCCATGTTCTTGTCCAATG,412
TTAATGACGAGCTCGTGGAG,530
GGGCGCCGCCTAGTGGACAG,1714
AAGGGCTCACCTGTCGAGCG,885
GGTAAACACTACCCTCCCAG,289
GAAAGATGCTAACGTCGTGG,14
CATGTGACATTAGACCATGA,337
GACATCGTGAATTACAACTC,232
CAGTCCCAGGTAAATCACCA,955
ATTGTCAAAGTAAGCAACCG,230
GGTGTCGTAGGACAAGTTAG,379
GCCACATTACTGTCTACCAA,354
GCGGTCCAGAAAAAAACAGA,221
CCCACATCTGGATCTCCCCG,1816
GCGCCAATGTGGCCAACCAA,510
TAGTGGGCGACAGCCAGTGT,308
GTGCGTCCTGATCCACCCCA,344
TGGCAACAACTGGGTCTACG,530
ACAGAGCTACAATGTGCAAG,585
CCGGGAAAGCGAAAGCACTG,366
TCAGAGTCACTCATTCTCGT,616
GTACTACAACGGACACACGA,430
GCACGTCATCGATTACATCT,631
GGCCTCGACCCAACATCGAG,29
GGAGCGCGCCAAGATCGAGA,1145
AGCTACCCACTAGCCACCCG,734
GGTGTGACTCACGATGACCT,363
TACAGCTTGTAGTACTCGTA,211
GGATGCAGTTGTGTCAGTCA,794
GCACCGAGAGAAATTCTGGC,491
GCTAACCCACCAGGAATCGG,1065
TGGCAACAAGAGCAACATCA,789
GACCCGACCGATCGCCGCGC,2651
GTGGTGGAGAACCCGCACTC,57
AAATGGATGATGATGAAGTG,619
CGCGACACTCACGTTAGTCG,1831
TTCACCGTCAGCATCACCGA,1080
AGGGCGCCACTACCACGGGG,1946
GCTCCTGGGAGGTCCACCCG,946
TAGCAACAAGCCCGCCATCG,2073
TCACAGTCAAGGCCCAACCC,866
ACCTGCAAGGACATGACCAG,939
GTGAGGGAGCACGTCCCGAG,563
CACTTACTTCCAAAAACCCA,380
GCTGACCAACAATACGCACC,2298
TCTGTAACCTGGCCTACAGT,439
AGACTACCACCTATACACAA,141
TAGGATATGGAACCAAACTG,406
CGCTGGCATGATCAACCCCG,1593
TGAGGGCCACATATACCAGA,199
GCTTTCAGGTTTATGAGCAG,368
TGTGCCAGGTAGATGGGAGT,538
ACCTACCGCAAGGATAACTC,3
CAATGGCCGTAAGAACTGCA,381
GTCGTATTTATATTCCCGGG,59
GACCCACAGAATGACCCAGT,767
CAAGCGCGTAAGCCAGACCC,19
ACATGGCGTGACTCATCCAA,643
CCTGTGACGTTTGGCCCACG,1410
GCTTTATGCAGTGGTCACCC,813
ACCCCATCTAAGCCAAACGG,705
GGACCAGACCAGGATTCTAC,444
TCTCATCATGTGCATCAGTG,291
GAAAAGCTGTACAACTCCAG,293
GAGATTCCTTCTCACTAACT,11
GGTGTACAGGATTGTTCCAG,303
AGAAACTTTACCGTTGAGTG,4
ACCTTATGCTTGGCTCAATG,476
AGTTATCATCCAGCCCCACG,590
CAAGCAGGACTACAATCGTG,393
CATCACTGAAGTAAAGATCG,32
ATCTCCGTAGCCCAATTCGA,456
TCTGGCACTTGAATGAAGCG,351
CCTACTTGGTCGTGACCGGT,12
GTAGAAATACTCCTTGACGT,66
AGACATCTAAAGTTCGACCT,6
AGAACACATTCCTCCGCATG,1
AAGCGGGAGAACTTCGAGCG,483
ATAAAACTGGAGCACCTCAA,435
ACAGCCTATTTACTCACGGG,379
ACGTTGAACTGAGTACAGTA,189
GAACTCATCCTGCACTGACG,6
CAATACAGGGATACCCACTA,536
ATTAACTACTACCTGTCCGG,1
AGTTGGCTGGGAACGCTGCG,1051
TGGCGAGCAAGCCCTCTCGG,1792
TGCCACTCCGAAGATCGTCA,752
ATTGTACTGTCCATAGCCAG,299
ATGACAAATTCGATGTTGGG,9
ACTCACCCGGTTCTTGACCT,14
AGGGACCAGTGAAACCCACG,318
TGATCTGTCGAGCGTGTCGG,2574
GCTGTAGTAAAACACAACTT,342
CTGGGGCCAGGACTTAGAAG,142
TGTTCTCCGAGCCAACCATG,539
GGTGAGCAGTAGATGTGTGG,856
GTGTGAGGGCGTTAACACCG,561
TCTTAAGTGATAAACTGGTG,5
CACCTGTATCCCTCGATGCG,38
CAGACAATAGGACCCGCCTC,2965
AGTAACAGTTCGGGCCCTCA,418
TCTGCACGATAATATGGACG,6
CCACTAACGATCATTAAGCA,12
GTACCATATACCCGGCAAGT,10
TTTGGCCAACACTACAGGCG,8
GGAGATGTTTGACCAACTCA,49
GTTGCGCTGGTAGAGTGTGT,729
ATCAATGCCAAGTCGAGCGG,11
ACGGTGAGTGAACTCCCACT,830
AGCGATAAAGCCAACACACC,477
GCTGCGTAGGTCCACCACGT,1081
TCTGCGTAGACCAATAAACC,3
TTGTATCTGTTACCTTCAGG,6
GAGGACGTCTAAGGACGGCG,744
GGCAAACAGGAAGTCATCAA,203
CCGCCAACCAGTTCTTACCC,49
TTTGACGCCCACATTAACAA,277
AGCCACAGTAGCGCCCAATG,624
TCCCGGGGATCACTGGAGAG,291
GCGCCTCCTCTAGGCCGTCG,1583
AAGGAATGAGGGAAAGCCAA,188
CGTGGCGACTCGGGACGGCG,2875
TACATAACATCGTTGATTTG,113
GATGCACAAAAGGGTGACAA,286
ACTCGTCCCGAGCAACCAGG,540
CAAAACCTGCATTGGCACCA,1246
CAGGTTCTTGGCCAACGGCG,524
CGGGAGCCCCGGAATCCGGG,914
ACTTGAATAGTGCTGCACCA,479
CTAGGGGAATTGGTGAAGCA,61
AGAGGTCCGTGAAATCTTCG,644
ATCCGGACACGATTTCCAGA,707
CAAGACTGTCACATTAGTGG,751
TGACATCCAGCGTGACACCG,20
CCTCTTTCAGACCTTACGAG,568
CCCCGACTCTCAGCTTACCG,1976
TGAAGGAGGCGTGAACCAAG,539
CTGGAGACAGACATGTCGGT,6529
TCGTGTTGACATAGTAACGG,25
TCCCGCGCAAGATTGCAATG,767
CCTCGGTTTCGACGCATTCG,1045
ATGTGCACCTTTCACCAGAA,257
GGTGTCCGCCGTGATCGCCG,1889
TCAGTACAACTTAAGTATCG,335
TGGCAAGGTCAAGTAACACC,19
GCTTCGGAGGCAATACACAG,714
CGGCCGGACCACGACCAGTG,1390
GTCAAAGGAAGGTCCTGACA,121
ACCAAACACCTGATAGATGG,7
TACACTGAGGTTGTTAGACA,14
CCGCCCACCTAAAATAGGCT,1106
GAATGGAAGAAAATCCAAGA,161
TGAGACACAGCTCCCGTTCG,853
TACCATCATCGAGAAGAACG,237
CCTGCACTTGATGTCAAGGG,339
ACAAGCCACGGATCTAAAGG,256
ACTGCAGAGACTTACAGATG,296
GTGTGCAAACAGCTGAGATG,559
ATGTCAAAATGTCCTGAGGG,494
CTTTGACCCAAAGAGTGTGA,189
TCAGCGTTCCATTGGCATAG,7
CTTCCGCATCAGGCTTCGCA,1267
GAAGGCTTCATAGGGAGCGA,298
ATGTCGAGTGCAAATGCAGG,220
GAACGCACCATTCAAGTGTG,917
TGTTCGAGGAATATCCATGG,410
CTTGTCATATGATGGATTGG,13
TAAAGATTACCCAGTCACTG,144
GGGAGACTAGGCCATACGAC,25
CCGATGATGAGAAACGACAG,484
TGGAGGGTCGGGAACTTGAG,8
CAACTCTGATGAGCATGCGG,54
TGTAGCTTGGATGATTAGGA,309
GCCATTTGATGTATGCGGTG,669
ATGTCATAAAGTGTCCACCA,373
TGGGAACCACCGAAGTCATG,34
GAACAGTAAGACAGAGCAGT,333
GAATGAGGCAAACTTGCTAG,390
TGGGCAAGTACACCACGGTG,814
GAGGTCAGTGCCAATGCAGG,61
GTGTTGGGGAAATACCGCGC,1223
GCACGAGTATGTTTGACATG,10
ACAGTGACTGACCCAACCCT,1029
AACTATACAAATCTGACACA,323
TTTGCACTGCATCAGCGCCG,1198
TTGAAGGCTTCAAGTTTGGA,147
GCCAATATGAAGCTTACCGA,22
CCAACCTATGAAGAAACAGT,461
GATATCTGGTACCTTCAATA,70
GCACCAACATAACCAGCTAG,66
TAGAGTTGGCCCATTACCGG,15
AATCCGACTAGGAATCCGCG,2
CATGTTGTAGTGTCACAGAA,497
GCTTGCAGTCGCACTCCAAG,741
AGGGCTCAACCGTGTCACAG,5
ATCCCATTCATCCTACAATG,88
AGAGAATGTTCAGATGAATG,50
TGCTGGCCGTAGACAAACAG,505
GTCTTACATAGCCATAGGTG,205
GTTTCCGAGTCTAAAATGGA,38
GAAGCGCTAACTCCTTGTAA,5
AACGCAGGCATCGCCTTCAA,321
AGTGGTCAAAGAGTTGTGAC,557
AGTGGAACAGCCCGCCACGG,1684
GGATAGGACCAAAGTAGGTA,11
CCATATTACCTCAGTCCCGG,871
ACAGCCTTCATCGTAGACGA,407
TCTCCACAGGAGGTCACCAG,900
CTAAGAAGTTGACTTCAACG,187
AAGATCATCGAGAGATACGA,180
CTGGTGACCGGTGCTAACAA,1639
GGTGATCCAAGATGACGATG,370
AAAAACTCTGCCAAAGTACC,479
TCCACTAGAGTAATCCAGGT,232
AGAGATGAGTTCCAAGACAC,196
AGCTATTCAAGGTCGAGCAG,5
GTTTGAGCAAGATGTGTCCG,922
AGGCCATGACCATAAAGGGG,247
GGACATCCTGATCACAGGTG,428
TTCCAGATAAGGTACAACTG,9
TCAGAGACTATAAATACAAG,89
CTGTCTCCTCCAAAGCGATG,1549
AGAACTGAGAAATGCTACCG,523
AAAATTCTCCTTACTCTCTG,132
GTGGTGGGAGAATATGATCG,318
CATGTCTGTGTAAATGTCGA,246
CCAGCTCCGAGGCCATCCGG,1742
CAGTTGCTCTATCCAGCGCT,566
CTGGCGTCTGGATCTAGTCA,1005
TGAACTATGTAGCAGCAAGA,120
TTCAAGCTCGGTACAACGGT,501
AAATGGTCCATAGTCGCACA,302
ATCATCGTAGTCATACGGTG,92
CGGCCACAATACGCTCACGG,893
CTGCACATTGTAAATCGCAA,90
TCTCCATGTACAAGCCTCAG,15
AGAAATTCTGCATAGCCCGA,477
GAAAGAATGACATTCCGGAG,100
CTGGAAGCATGATCAACCCA,449
CAAAACATGGAATTTCTGTG,284
GCCATTTGCCAAATGGACCA,15
CCTGTGAAACGTAAGCATCA,344
TATGTCTTCTCCTTGCAGGG,288
CTGCATGTCTACAACCGCGA,29
CAAGCATCTCAACGACGACG,1061
CAAGCCACGGACGTCCAAGA,1206
CGAGGAACTGTAGCGTAATG,289
GTCGGGCAGAGAGCCCGACG,56
AGTAACGGTGTCCCACTCAG,538
CACATGCACCGTGAACGAGG,666
TAGTGACTGTGCTATCGAGA,6
ACACACACGACTTCCCCCTG,1033
TGGATGCCTGTAGCCCATTG,774
CCAACAGCAACGTTCCACCG,1467
TGAAACGATTCCCACAGATG,342
TTGGGCCTGTAGCATCGCTG,1139
TACACTTGTTATCACCCCAA,88
CCTGGTGGAATCCATCCGCA,1530
GGAGATGTACATTCAACAGA,298
AAGTTTGCCTGCTAAAGACC,27
CTGCAGACTGCTATCCACCC,1390
CTGCTGTCATGTAATCCCAG,733
GACCAATATGAATGACACCG,233
TGGCACTTACGACTGCACTC,552
TGGTACTTAGAATGGAACAA,75
CTGTCACTTTAATAGCTCTG,195
ATCTAGCTGCCATACCCCTG,1146
TGTCCTTGAAGCAATAATCT,210
AGCACGGCTTTATCACCACA,1072
ATACACGGCCATGTAGGGTA,655
TGTGATGTTAGATAAACAGA,53
CTGATGAAGTGAAGATACAG,51
TGTTCAAGGCCCAACCGCGG,545
GCCGCGGCACTGATCCCCAC,1422
TGTTGGTTGACTGTACAGAG,13
CTGCCCACCAGGCTTCGTCG,2342
AGCTCGGGGAATTTGTACGT,10
GTTCCTCCGAGATGGAAGCA,433
CTATACGCCACTACCCCGGG,935
TGTAGTCAACCACCATAGTG,283
ATGCAGATCGAACTTAGCCG,1533
GTGATGCTAAGCGTGTCCCA,11
AGATTGTCGGCTAGAAAAAG,225
GAAGGAACTAGGCGACCGGG,481
GCAGCTTGTAGAGACACACA,458
TTCCAAAACCAAATTGCTAG,216
CGAGCGGTACCGAACCAGTG,829
GGCAGTGTAGACCCGCTCAA,1141
GCGTAACCTCGTCTTCCACG,1790
CCGGAAAGTGAGGCCCTCCG,29
GACCTTAAGCAAGAAAGACG,272
GTCGATCCAGAGGAGCTAGT,213
GCCTCCTATCGGGACCAGCA,915
ATGGACAACATAAGTGACAG,14
CAACCTCGAAAACTGACGAC,399
CGTGGACGGACAGCGGCATG,4252
ATCACAGGTAAAATGTACGG,257
AGGGGTTACTACGAGAGCAG,9
CCCCAGCGGCAACTATGTAG,673
GCCTCCAAAAGTGATGGCGT,1026
TCCTGAGCAACTTTACTCTG,694
GCGACCTCCAACTCGAGGTG,1536
TGAGAAGACATCGTTCCCAG,883
CATACCAGGAGACAATAAGC,334
GCTTTATTCACACTTTACAA,1350
GGTGTCGACTGGCAACCCAG,948
AAGAACCGTTGTAATAACAT,10
TCTCTGGGCCCAGATATACA,537
AGCACGAAGATCAAGAACAA,64
CGGTCCCTACACTAGGACAT,190
GGCATGGGTAAACTCAACAT,726
GCCAGCTGCGCGTAAATCTG,688
GAGCTCAGACGAGTCGACAG,1049
ATCAATTTCAGGTACCGATG,337
ACCCTGCAACTACTCAATGT,11
ACAACTTGAGCCATCGCCAG,13
GCCACAAGCCTAGAGCACCC,724
TGAACTGTACATGTACCGGG,220
ACAGCCCAACAAATACGCAG,742
CTGTGAACTTGTGTAGAAGG,21
TATTGAGCGAACCTTAAGTG,292
CCAGCATGGTCACTACGATG,27
GGTGCCAGTTCTGCATAGAG,28
GGCGATGCGGTCGTCAAAGG,23
CAAGCAGGATTACAATCAGG,597
GAACCCGTGTCCATGCAACC,790
CACTGTGTTCAACTACCCCG,855
CAGACACTAAAACTGATGCA,283
GGACGTATACTTGTGTCGCA,166
GCGTCAGGTTGAGTGCCTCG,2534
CCAGATGCAGAGGCAACAAG,915
TCCAACAACATCTCCAAAGG,8
TTTCAAATTCATGTACCACT,170
AACGGTAAGGAATCACGATG,255
ACCTCAAACCATAGCTCCCG,7
TTTGCTGTCAAATTGAATGG,272
TGAACCGAAGACCCATCTCG,1075
TATGCTAGTTGGTACTGCCA,365
CAATGAGAACAAGTTCGCCG,64
GACACTAGGACGCTGTATGG,743
GAGAACTACCTAATTCGCTG,27
TGTCAACTTCTATCTAGGAA,189
AGCATAGGTCAACACCGAGG,652
CTACAGTACAGACTAGTGTG,269
CAGGCTAATAGACTTACAGA,51
CTCCGCGCTAGTACCTTGAG,229
CCCCATGTCGGACTACCATG,1443
AGAGTGCTTACTTACTGTTG,199
TGGAAAAGGCAGCCCCCAGG,536
GTTTGTCAGGATGTTGACAA,684
TGATGCAGGCTGACGATAGT,652
TTGATCTCAGACTGTCCACA,479
GTGGCTTCGATGGCTATGCG,1098
GGTGGAAATTCTGTGTTCCG,361
GGATATGGGACGTGAAGACA,344
GGACATCAGAGAATCCACGT,540
TGGCACAGGCGCACTACCAG,986
CATACATTAAAAACCTGGAT,31
GAACATGCTTCATGCTACAG,861
AGGAACACTCACCTTTAACA,35
CTCGATAGTACTCCTGATGG,459
TTTCATAAATCTCCACTACG,29
AGCAATACTTACCCCAGAGG,261
TGGGACAGCACTCTCCGAAG,28
TGCTAATGTAGATAATGTCC,146
AACAAATGGGAAGCCTACCT,322
GGAGCACTAGTCAATGCCCA,35
TCCCTTTGGATGCCACGACG,9
CTAGCGTCACTAACCCAGAA,10
AGTATTCGGAGAAACAGGAG,28
CATCGCTCTGAATAATGAGA,244
AGTGCCGATATACCTCAGGC,1082
TGATAGGCGCAACGACTGTG,458
ATTAGCACTATATCATCTGT,154
GGTTCCAAGATTATCCACAG,35
ATAAACAGGGAGTTGACGGT,4
AGGCGCAGGATTCGCCTCCA,896
CTTGGGAATCGGTTTCAATG,25
ATGTGGAAGTGGCAATGACG,556
TTACAGTAATCGGGTTGAGA,108
GACACACGGCGCAATGACAG,1539
TTATTACAAAAATAACATGA,7
GCTTGGAGCTTTCTACAAGG,516
ACTGGTGAAGCTACACGCTG,883
TCCGACAACATACATAGCAA,959
AAGATCACCTACGGGCAGTG,843
TTGCGGTACCAGCTGTAGTG,892
AAATCGGATGTCATAAGGCG,409
TAAAGCCATCCCATACCTCG,14
ACCAACTATTATCAGATGGA,279
TAGCACTCGACGACCCACCA,341
AGACGACCAGGGCCTCGAAG,1595
GAAAAATCACTACAGGACGT,196
TGATATTGATGAGGTGCGAT,554
AAGATAGCTATGAGAACTCG,244
AGACCTAGAAGATGCAGACG,7
TCCCCTCAGCAGATGCCCAG,459
AGCTTGTGGAATCTGAACAA,304
GAAAACTGTCCGAGCACCTG,670
GAATGCGCCCTAAATCACTG,906
AGTCGCGCATTGCCAAGCGG,938
TCATCTGGCTCAGATAGGAG,225
GGCATACGGAAAGACCGCCG,634
TGTCCTCCAAATCGAAATGT,575
AGCGACAGCTTCTGGCACCA,754
GGGCGTCCAGGGGTCCAGCG,727
GTACCCAACGGAGTGCAAAG,139
CAGAATCAGAACATTCCCAG,1269
CCTTTGAAGTAATCGTTATG,4
TATGTCCTTGAAGCGAATGC,175
GTTGCTCAGAAGTGACAATG,29
AGGTTGGCCATAGTGTTGGT,821
CTCCAGGTGACGGAATACCC,17
GAACTTGACCCAAAGCATTG,15
GCAGGACGGAGAGTTCCGAA,118
ACTTACGTTTCACGTACAGG,1040
TGCGCACTAGCTCGCCAGGG,590
GCTGAGTATTCGGTAGACAG,102
AAGAAGTGATACGCCTGTTG,354
CTGCCTATGAGCACTTCACA,779
GCTACTAGGCAAGCTCCCAG,338
TAACCTCTGTGTGATCAGCG,475
TACAACGAGGCTGTTCGTCT,13
CCAGTCCAGGCTGAGCACTG,77
CAGATGGCGGCAATAGTGAA,68
TGAATAAAAGCATCCGACAG,392
TTGGTTTGGAGTAAGGACGA,691
AATTCAAGCAGTACTCAGCA,271
GTCATGGCTGACCTGCACAC,1335
TCAGGCCATTGGCCTTCTCG,336
TAAGGCGGATGACTCTCACA,351
GATGTAGAGGATGACACCTG,717
TGATCAAGCTAACGGCGACA,720
ATTGGACGTCGGGCTTACAG,1258
TCCTCCTCCACACTTCAGCA,1142
TGGGTACACTCAGACCATGA,217
ATGGCCTGGAGGATGATACA,184
AAGAAGACTTCAAACTCGTG,1200
GACAATCTCAAAAAACGCGG,592
ATACTGATGTTATAACAGTG,74
TGAACACATTAAGGCCTGCG,570
GACTTCCGGAGCGATCAGGT,960
GCCGTGATTGGAATAGAAGG,173
CTGAACACGACATTCTCCTG,941
GAGGATTGGTCATGCTCACG,626
CCCATGGCCCTGGATCGTCA,2932
AGTGTGAAGAGATGTGCTAT,1242
CTGATGATGTCCATCAGACT,609
ATGGTGCGGTTGTCGTGCGG,1607
AAGGTCCCTGTCATTCACAG,277
TATGGGACATTATAACATCG,49
AGGACGCTCGACTTATCCTG,927
GGATAGACGCCCAGCCACTG,1508
GAGCACATGCTCAACAGATG,827
AACTTACACAACAACCGCTG,483
GGGTACAGTTAGAACCCCTG,10
ACAATATCGCATCTCTCGTG,4
GAGGAAAACATACCTCGACC,462
AGTTGCGGTCCGAATTGCGG,1508
TGCTGTATTTGGGATCATCG,172
TGCCAGCTGTCAGTTCCCCC,2367
GCTCATCCGAGCGAGAAAAG,190
AGCCTGTCGGACCACAGCTT,1332
CTTCAACAAGGGGTTATCCA,426
TCCATCTGGAGGGATTCTCG,931
TCAGCAAGAACTGGTCCCGG,12
GAGGGTCCTCTTGACCAATG,31
TGTACTATCTGAGAAACGTG,153
AGCTAATCTCGAGACCAACG,353
CACAATGCGGTTACTCTCAG,57
AGACAATGGCCTTAACACGC,703
TGGCATTCACGTTCGCACCG,54
GGGAATGCGATGTGAGTAAG,12
GGGGTCCGGTAAATGAGGTG,817
ACACTAGGGATCTCTTCACT,4
GCAGCCTATCTACGTCCCCA,39
CTGGGCGAAGGAGAAAAACG,141
GGAAGCACAGTGATAGTCGG,752
TCAGGGCAATCTAACTACAG,200
TGTGAGGGTCATACTCTGTG,1389
CTTCATAATACAACTCGTTG,344
GTTTGATTGCCAGTGCTATG,58
GTACTTACACCAACTACCAC,409
GCTGTGGGCTCACATATCAG,611
GGCGACATCAATCACGAACG,1739
AGCCGAGGCGGGTCTCACGG,904
CTGGCTGACAGTGAACCGCA,1864
TGGAATGAAAAATCCCCCAG,422
AGGGCACGCTATTCATCGTG,1428
TGGTATTGCCACATGTACCA,942
GCTGGACTCCTTCTACAACG,27
TTACCCACTTCTACCTCCTG,602
TTGTGGCGGATTTGTAAAGA,441
GAAGCGAGCACTCACGTGTA,85
TGTTCTCGGAGCAATCCTTG,670
GATGGCAGCCCGGATCGACA,2096
ACTTTGGAAAACGAACAAAC,124
GTGAATCGCAGATCCGTGGG,904
CTGGAACGCACATGCACCAG,1041
GGGCTGTGTAGAGTTCGCAG,670
CTCTGGCTCAGGATGACTCC,891
AGTGTATGACGCGCACACCA,928
TGTTCTGCGCCTCACACACA,1660
GCCTGCAAAACGCCCCCGGA,759
AAATTGTATCATCAGAGTAA,35
TGCGTACCCCACTTTCCTTG,832
TAGGAAGTAAGGTAGCGGGT,18
GGTACAATCGAGGATACCAG,59
CGTGAAAGATATCACCACCC,622
GCGGTTCATGTAGTGTACGA,710
CCTTGTCACCCTCATCAGCG,921
CCAGGAAAGAATCTGATACG,164
ACTGAGGAGAGTGTGGTCGT,855
AAGAACGCGTAGCCATAAAG,71
ATGCAGCCAAATATTTCCGT,1364
CCCACCTCGGCGACCCACGT,1824
CAGATCAGTCTTGTACACTG,876
GAGTGCAGGAGCCCAACCAG,117
CGGGTCGGAGGTCGCGACCA,2407
GGCCGAGTGATAACATGTTG,427
GCTGATGTGAGAATCCGAGG,257
CAAAGGAGTCATCCCGTCCG,20
CTGTGGACGGGCCCACTGCG,1494
GAGAAAATCTGTCTGCAGGT,60
GGTGCCCCATCTACACCCAA,367
CCACCCTCGTAATGGCTACA,628
TGATGCCAGAATCAACTGTG,1112
GTGCAGTGTATAAGCACCAC,52
AAGGAACCGACGTCCCCAAG,391
TTTCATAGGGCAGCATTCGA,580
TCGAAGTGTAACACGTTCTG,165
TACCGCAAAGAACAAGAACG,56
AGGTGCTTAAGGGTTATGAC,98
GAATGGTCATAAATGAACAC,148
GTGGATCGGTTACAGCACAG,50
TCCATTCCCTAAATCAACAG,498
CCTCCAGGGTTCATCGAAGA,918
GACGACGAGCCTCCCAACAG,496
AAGAAACCATCAATTGAATG,44
ACCAGTTATCCTTAACACTG,195
TCATTCGCCGTGACTGCATG,845
TGGCCCCATCCACCGCCATG,1522
CATCGCCAGAATCTTTAGGT,41
CTCACCTGAGAAATTCCGTG,1068
CTGGCAGAGGACTTACGTGG,1121
AAAATGCATCGCTAGCAAGT,316
TTTCAGGCGAACCAGTAACA,9
GAAGTAGTCTACCAGAGCTG,609
AGGATGACAACTGTGACACG,559
GGTGTCCATTCCCAATCATG,551
CTTCATGACATACAAAGGGA,109
ACATGAGATTTACTCACCGG,59
CCTGAGCCATTACAGCGTGT,981
CAAAGCTTCTTACTTCCACG,555
ATTACCACTCAGAACCTCCA,484
ACAGTTGACATAAACAAGCA,20
AGGACGCGGTGACGTCACGT,12
CGACCTCAAGCCAGCAAAGT,1866
GGACATAGGTTAGCGCAGTG,20
AGACGTGCATGAGGTTATCG,558
TTGCCCACGACACGTTGCGG,2
ACCGGGACAGACCAAGCAGT,830
ACAGCACCTTCACTGCCGAA,1126
AATCTAATTGATGTCCGAAG,1
AAAAAGAACAGTCGTAATGG,174
CTCTGACTATGAGACACATG,152
TGAAACAGGGAAGCTTGCTA,413
CTTACCTGGTCATATGACAC,584
ATGAAGACCAACCACCAGGG,279
TCTGGGAAGTTGGATCTGTG,6
AAAGGGTGAACAGATCGCTA,540
CAAGCTGTAAAATCATACAA,191
TTCAATCAGCTCATCAAGTG,442
AACACTATGACAGCGTCCGG,540
ACGCCCCCGGAAACCCCACG,766
ATAGCAAGTTTCCCCAGCAC,290
TAAGAAGGGTCAGATATGTG,378
CCTCAGGTTATCCTACCTTG,1192
ATGGCCATAGAGAGTGTGCG,709
AGAGGCATAGTCATTGCACA,678
AGCCAGTGTCAACACGACAC,664
GTATTGAGGCCCACCAGCGA,506
GACACAGAACAGTGGCGTGG,607
TGGCCTACCTGAGCTAGAGT,476
AGAGGTAGAACTCTCCAAGG,18
ACACTATGACATTCTCGGAT,372
CAAGATCGACACAATTACAC,623
CGACGGCAAGAACCGGCCTG,917
CCTACAGTCATCACATTCGG,765
ACATGCTGGCTGTCAATGAA,504
AGAGACAATGAGACCATCTG,537
GAGGTACTGTCATAGTGTAG,34
TCATCAGGTTTCGACACCTG,409
ACGTGCACTCACCGTAGCAG,628
GCACTAACTACCAGTCAACC,600
ATCGTTATGAAGGTTGGGCA,683
GGACGGTAGCATTTACTGCA,936
CTAGTCGCAATGATTCTCGA,306
GGAGCCCTATACAGTCCGTG,848
TCCGCAATGACCGCTCATGG,741
CTTCTACTGAGCTCGATGTG,21
TTGCAGACGAGCCACATAGG,377
TTTCTTGGAGGTTCATACTG,19
CACCACGAGATCAGGCGATG,1459
ACAACTGTTATGGGACCACC,179
CGCCCGCAGTAGGCGCACCA,582
GGGGCTCATGAACAAGTTTG,615
AGCGTGTCGAGATGGCATCG,945
GCACTGCCCACGAGGCTCAG,809
AGCTTTGGTAGCCAGAACCG,6
TGAAAAGGCATATTCTGAAG,227
TCCTGAAGTCTCCTGCCAAG,4
AGCTCCAGGTACCTCCTACT,374
AAAGGCTGCTGTTGAAAGGA,276
ATTGTGTACCTGTTCTACTG,536
CACATGTAATGTAGTAATCG,569
AACCCTCGACTTACATGGTG,538
AGACATAAGTGCCTTCATCA,6
GTTGTGGAAACAGATAGTCA,165
GCCGGCGTCATCTTTCCAGT,1686
ATAGAAGTAGGAAACCGTGA,61
AAACAGTGAAACTTACAACC,138
CCAGCCCTGTAAGGACGGGA,12
AATTCCACCCCAGCTACCAA,354
AGTCTCATAGATCTCGGCAA,282
GGGGCTCATACCTTATCTGG,518
GACTTGGGTAGTCTACATGG,524
GAGAACGACTAGAACGAGAG,104
CACCAGGGACTTGGTAACAG,495
AGATGTCAAACGGTACAAGG,92
TCCTTGGCCTCTGATTCCCG,731
ATGACTTTAGCATATGATGG,144
GCTACTGTACGCATATCCGT,305
GTAGGCAAAGAGCTCCTGTG,27
GCTAACCTGGAAGGTACATG,379
GCACCCTTGAAAAATTCGGA,426
GGTCCTAGGCCGATTCGATG,1095
ACACATATGACACTTACCCT,607
AAAGTACTGACCTGTAGGAT,132
AGGTCCTTGATTATATCGTG,8
CGGATAATGAACCCTCGCCA,1794
GGAACCTCGGGACGTAAGGT,322
GCGCACACGTTACCAATGTG,24
TATTCAGAATAGATCATGGG,32
TGTGGGCAATCGTGATCAGA,482
TTCAATAGGATTCTCCGTAG,265
GAGAGAATGGAAGTGCAGCA,38
TTAATCTCTTCAGCTCTAGG,71
GGCACAAAAACTAGCCGAGG,443
TGCTGGGGTACGAAACCCAG,454
GCATGAGAAACGAATGTCGA,237
TGGCCATGTAAATCACGGCG,807
GCTTAATAGCCAGTACCAAG,164
AAAATCCAGGCGAGTTTCCG,401
CGGTTTCCGAGAACGCCGGG,769
ATACTTCAGGGTACTACCAG,103
TTTAATTGCAAGTCGACACA,323
TTGTTCACTGAGAAGACACG,175
GCTGGGAATAGAGTTCGACG,542
AATGCTGGAGAAATCAACTG,351
CAAGCAGCCTACTTACTCGA,572
TGGTTGCTCTGTATAAAAAG,60
ACTCTGTCCAGACACTACCG,13
GAAGAAGGCACTGCCCAGGT,1294
GGAAAGGGGCCCGAACCAGG,436
GCCGATACTCGGACTTTGAG,22
AACAGGAGTGTCCTCCACGG,598
ACTTGTCAATCAACAAAGCC,347
GAAGTCTACATACCTAAAGG,197
GGAATATCTAGACAAAAGGG,40
ACAGATGCTGCGGATCTCGT,1848
TCCAGTGTCCTAATCTACCA,5
TAACTTGTATAGAATAAGAG,12
GATCGTGCCTTTCTCCGACA,1651
AGAGGTCATAGGTACTCGTG,284
GCACCATGACGCCAAGCCAA,910
TCTGGCACTGTATCACCCTG,360
GGAGATGAAGGTCTCCGCCG,75
CATTCCACCTTACAACACCG,919
TTTACCACTGGAACTACACA,91
GCCAGGACATTAGCCCCACG,1491
GTACAATGTCAGTAAAACCC,195
TGGGACGTCCTACGTCGTGG,953
GTTGAGGTTTGGGTACCGCG,11
GCAGAAATGGATCATCGACT,506
GTATCGCTCTAGCGCCAATG,1094
ATTTGATCCCCCACAACCCG,764
CTATTGAACAAAAAGCAGTG,117
GGAGCAGTCCTAATGATACC,936
GGAGAAAACTTCTCACACCA,263
AGGATTATAATATCCTGACG,7
AAATTGAAGAGGTCGAAACC,164
ACCTCCAGAAAGTTGCACCC,640
TTAGAGTTCACAGTGATGTG,98
GCAGCATAACTGTGTTCATG,280
AAAGAATAAGGCTTGCAGTG,465
GTAATTATTAGACGGCACGA,140
GTAGCCATTGGGATACTCAG,358
TCCTGCTCATGGGTCTCAGG,920
CAAATGCATCAAATGCAGCA,380
GTTATTCCCTCTACAAACCC,208
CCCCTGAAGAGACTCCTCGG,1321
GTTCCCGTTCCTATCATACG,228
AAGATCCGTAACCTAGACAA,201
TGGGCAGGTGATACTAACAG,308
TTCAGCTTCGGTCTTAAATG,233
CAGAGCCTGTCATTTCCTGG,1896
CTTCACCTACTACACCACTT,1239
CTGCACGCGGACAAGAGCGT,338
CATGGCAAGCCTACTTCCAG,1191
AATACGGATAGCCAATTACG,105
CCTTGGGAAAAACCAGACAA,141
ACGGCTCATACCAACCGTAG,127
GCTGCAGGCTGACCACTATG,1184
TGGATGGCAATTATTCCGAG,573
CAAATGCAAGGTCCTTGTAT,374
GTCGTACAGTGCGACCACAA,470
GACAGTTAGCTTCATAATCA,48
CAGTGACGGCCCGAGAATGG,1074
GTATCCTATTGGACACACGC,442
GATAACGATGAGGATTGCAA,356
GGAGCCACAAGATTTCCAGT,774
CCTTACCTGGGAATCACCGG,28
ATGTGATTGCAGAACCAGAA,152
TTTGGCATCTAATCCCACAG,25
GTCCAGGCAGTGAACAACCA,62
TGGGGCTAACCCAGATGCGA,675
GCAAAGGGGCACACACGCCG,970
GTGACATGAGCCTTGCAACG,640
TTCATCCAGGGATACTCAGG,577
ACTTATGGCCGAGTTCAGCA,507
AAAACCTCTTCTCTACGCGG,607
TCTTTGTCAAATCTGTACAC,234
AGTGATTGATGGTACGAAGA,285
GAAGACCTGACTAAAATGGG,427
CTGTGAGACTTCCTTCGACG,781
CCTGGAGGACTCGGACAAAG,1183
AGCCTGCGTTCAGTGCCACC,16
GCGGCCGCCAGATCTACTCT,1277
GAGCATTTGATGGTCTGTCG,61
TTTATCGTAGGGAAAGTCTG,87
GTAGCCGTAAGCGCCGTAAG,322
CCAGTATCCAGATTTACCCC,449
CTTCTCGCTTACTCTCATCG,1165
TGTGACGATGGACACGTGAG,412
GTGTGTGAAAACGTGAACGG,551
AGCGGTGCTGGACTGACGAG,1363
ATGGCACAACATCAACTGCA,321
CATGTTAGCAATCTGAATCG,391
ATATGCTCGCCTATGAAAAG,53
GATCGGTCGAATTGAAAATG,168
AAGCAGGGCACAACTCCACT,27
ACAATGAGTATGAACCCGCA,349
CTTGCCGGGCACTAGACACA,1682
GTCATCTAAATCTTGGCGAT,254
TCGATCATGAAGACATCACA,219
GGAGGTGGTACAATACACCT,329
AGCAACAAATCTCCCAACTG,520
ATCCGGGAAAGTGCCCCAAG,296
CCTACTGCTGCGACAACTGT,1875
GGAACACCCTAGTTCCACAG,74
GTCACACCGTCTGTCCACTG,1274
GCATAAACTGATCCATGTCG,1165
CAATCAATAAGATTGAGGAC,58
CACAGGGCAGAGACACTGGT,859
AAATATAACTCAGGACCCCG,324
CATGGATGGCGTGAACTGGA,1232
GCTCTACATCGACCGCGCCG,986
TGTCACTCCTCCTGCCATGG,1761
CTTCTTGTCAGGGTAACCCA,13
GTTTGCTGTTCCTAATCGTG,10
ATTAGACAAACCATGATGCG,480
GTTCCGCGAAGTCATGTCGG,1617
CCATGTGATGCATCTGCTCA,1192
AACCATTTGCCAGATAGCTG,330
ACACACACAGGATCTAAGGT,28
GGATGTAATTTGCTCCACGG,528
CTGTGAAGTTGAAACCTACG,50
GTCGGTGAGGAACCAAACCG,1050
GCTCCTTGACTCGAACACCC,345
TGAATGTTGTAACAGTCCAG,720
CCTCCGAACCATACCCACAC,1023
TCACGTTCTCCTTTCTACGC,627
GTTTGTCCACCTTACCAACG,445
AGTAAGACAATTCTCAGTTG,22
TCAAGGTGTCACAATCACAC,253
GGGACCGGATCAGACACTAC,680
ATGAGCCATGCAGCAACTCT,359
ACAGAGTATAGTGTGTGTCA,3
GTGGAACAACGGTGGCCATG,967
TTAATCATGTCGCAATAGCT,192
CTCCGGGTGGTACATGACAG,528
TCACCGATCACAAATTCATG,89
AAACCATGTTTAGGACTCGG,278
ATTCTGGCCAGTTGAGATGG,1073
ACAGTCACAGTACCTAATAC,120
TCTTGGTGAAATCGACACAA,822
GGTGGCAAAGCCCACACCTA,849
CAAGGTGGAGCATGAAAGCA,650
TAGAGGACTAATGATCGCTG,341
CTTGGGATCTGGATACCCGT,667
ACCACCACCACCACGCCGCG,3800
CAGAACCCAAGAATCAAGGT,201
AGAAGCGCAAAGATGCAATG,19
GGTTAGATTCGAGGACACGC,271
AGAATCCGGTCACACCACGA,609
ACCCAAAAAAATCACCGCAG,455
AGCAGGTACGAGCCTGTCGT,639
GTTAAAAGTCCTGGCACACA,457
TTTAGCCCAAGCCAGCCCTG,1147
TCACACTGGACGTACTGACG,216
CATCACCCAGTCCCGGACGT,1729
TGGCGAAGGCTTCGCGACAG,1070
GCAGGGCACAAACAAGACCC,540
GAACCGTCGAAATCGCAGAT,718
ACTCTTGGCCCCAACCAACG,17
AATGAAATGAATGACACCGT,16
CCACGCCGTTGGTCGCATGG,5
TAAAAACCGTATCTTGGATG,32
GTGCAAAGTCCTGCTCACGC,17
TCCCAGAGAGATGAGTATCG,2
GCAAAGACAGTGAGAAGACG,429
CCCACGGGAGGTAACCACTG,1558
AGAACATCACTTCGGACGTG,687
TCCCAACATTGTACTCAGCG,10
GAATGACAGGCTCCGCAGCA,362
CCAGCGCAGCCGAGGATGGG,2102
AGACATCGAGTTTATCTACA,21
AGTTCCGTATGGAATCTGGG,6
TGGACAAGGTACAGCCATCG,903
AGTCCCGAATAGTATCTAGT,73
ACTGCTACCGATAGGTGGGA,162
AAGCCCAGCACATTCCCCAA,438
GCACGACGTTGAACTCGTCG,2882
GCTCCCGACAGTGTTCAAAG,641
AGCTATACGTACAATGGCAA,123
GAAAAGCAAGCGTAATCTCC,789
TTTGCTAAGTGCTCTAGCCG,398
GCTTTGCGACCAGGTGCTCG,1338
GCATGTATCGGGATGACCTA,871
CAGGAGCTCCGTCCTCCGAG,854
AAATGACTCTAACCACAACA,209
TACTCTGGTGACAACCTACG,436
ATATCGATCATCAAGTTACG,625
TAGTCTGGAGCCGAATCGAG,730
CTGCAAGAAGTAGCTCAAAC,106
ACGGTGTGTCGATGCAAACC,1344
CAGCAGGATATTCACCGTAA,403
GCTGTGCCTCATCGCAGCCG,403
TCAGCTTCACTGGAGGCCTG,933
CAGTCAAATTTCCAACTGGG,301
ACAGAGAAAATACAGACTTC,309
CTGTAAGCAAGGGTTAGCAG,18
CGGACTCGATGGCCCGCGGG,273
CTGAATGCGGCGGTTCAGAG,408
CCAGCGCTACATCGATAGCA,1045
AGCACTAACACATCCCATGA,171
GGAGGAATGGATGATTCGGA,225
GCAATGGAATTCTCGTGCCG,387
AAAGTATTCCGAGTCCGTGA,318
GATGGGACATAGTGGCTCAG,405
AGCTCTTGGGGTCATTAGGA,148
GGCGAGCAACTGTTGCACGC,44
GGAGAAACGAGACATAGCCA,195
TTCACACAGTACATGGCCCC,21
TGGCTGAGAACAGTGCCTTG,1018
GCTTAGATAGAGTGCACGCA,15
TATTGATCCTAGCAACCCGA,434
AGAACACGCTTTGAGAACCT,143
CCGAGTCATCAAGACTGTCG,902
GTGACTACGGAGAGAACGGA,390
GGGTGTGTGATGATGACGCA,41
GCCTTCTGAGGAGTCCACCA,841
GATAACAGACATACTTGCGT,351
CACCACCGTAGAAAGTCGGG,654
TTTATCCCGTAGCGTCCCAG,2
ACTCCCGCTACTACACAGTC,3
GGTGCCTTCACCCAAAGTGT,638
GCTGCCCCGGGCTGTAAGTG,865
TGACCCTGACGACGAAGACG,8
GAGCCGCTGTGATCATACCA,37
TGGGAAACTCATCATTACCA,19
CGAGAGGGAAACCCTATCCC,532
GGTGATACTGGATCAACTCG,292
AATAGCAAGTCAGTCGCAGA,567
GAAGCCCCTGTACATAGTGA,293
GGCTACTCACGGTATACAGC,223
TGAGAGATTCGAGACACTTG,168
TTACACCATGATGAATCTGG,361
TTTACAGTCCAACAGAGGCG,556
TGTCCTTCAACAACCTCACG,19
CTGTACGGGACTTAATCCTA,439
CAATCCCAGCCAGTACACCA,1022
CTTGACCTCGGGAGACCAGG,531
TAAGGGTGCCAAAGAGCATG,160
GCGCCAGCAGTATGAAAGCG,563
TGCCGAGGACCGGGTCACAT,1567
GGTGACTACATGAATGACTC,377
GAACACCCGCACCAACGAGA,917
CTCAGAGATCTTCAGCACAC,849
TGTGGGAGACAGCACTCTAG,445
AGAGGATTTAGCTAAGAGAG,38
TGTCGTACTCTAGTTCGCAA,401
TATCCAGCTTGGATTCGCTG,644
ACTGACCGGAAGTGTATCTG,543
GACCTGGCAGCCACTGACAT,1200
GTTCCAGAATGTTAGACGAG,19
AATGTCTAAACTCCACTGAG,291
GTGGCCTAGGTATCTCCACT,40
ATGAGCTCACCAGACTAATG,473
CCTCTACTGCGATTACAGTG,26
TGGTGGTACTTCCATAAGCA,13
GAGGTGCTTGCTAATCATGG,52
AGATCGCTCTGGTGGAAAGG,390
CTTTGCTTTCTACAACACCA,52
TCGGCACCATGATCAACGAG,656
CCTGCACACGTGATGACCGT,1063
CCACCAGGACGTGTCTACAC,1566
GAATGGCCGTAAAAGTTCTG,388
ATCATGCGCTCAGTAGGTGA,338
CTGAAGCAGCCTATCCACTC,155
ACTGAAGCAATCACACAGGC,413
ACAACAATGAAGCAGGCCGT,761
AAGTGCCAGTCATTATGGAG,494
TACAGAGCTTGACACAGCGT,643
TCTAGCTTCATAATCATACA,212
CAGGCACTACGTAATTGCTA,628
GGGGTGAAAACTGGCCACGA,26
TTGCCGTCCTCTTGACTCGG,2192
ATGAAGCCGAAGATGAGACC,144
CTTCAAATATGTCAGAGCGG,467
CTACGGCGACTTCGCGCCTG,1402
AGGCGGCGAGGACACACCGG,854
TCTAGTCCGGATGAAAGTAA,146
CTCGTGGCCCTACATCACCC,948
CCAGATCCAGAGACTCTCGC,2154
TTGAGGGTGTGGAGTCACAT,378
GCCAGCCGAAAGTATCAAGG,1152
GCGTGCGCTGATGGGCGATG,2346
CTTCCGATGGCACGACCCTG,1647
CCTGTGAGAACAGAAAACGC,714
TACAGGTTCCGACAGCCCGG,573
GGACACAGCGGACTTCGACG,1190
GTAGAGAGTGAGACCGACAA,325
TAATATTAATTACCGAATCA,180
AGGGTTATTACAATGGCGGT,23
AGTGGGCTACCTTGTCTACG,9
TGCCTGGGGAGAGCCAGTCG,1400
AGATTCTTCATAGATCGAGA,11
TTGCTGCTCGGAGTTAACAG,460
CTTACTGATGAAGTAATCCG,390
GACCGATGTTGTGAACTCGG,38
AAAATCCAGAAAAACTCACA,292
TTCGTCTTGTAGCTTACAGG,252
CCGTGGGCCGCGACGCACGT,1558
TCTCACACTCCAGACGCCAG,859
TTCTCTTGGATAATACTGAG,6
TCACTCACCTGACAGGACCA,520
TGCCACGTGTGTGCCTACAA,832
TATCACAAGCAGATCATGGG,277
ATACCAGTACTTGACGATAG,206
CTGATAACTGACATGCGGCG,941
GGTGGAAAGTAATAGTCGAT,114
TGTGACGAAAGATGTATGCA,77
TGGCCACCGTTAAGGCAGTG,654
ACAGACGGTTCTAACCTGAG,568
GAGGTAAAGCCGAATCACCA,258
TCACTACGTCTGACTCCGAG,1011
AATCCCCAGGATGTTACGGA,250
CAAGCGGCTGTCAGACACCG,1068
GGAGGTTCGCACACGCTCGG,619
CCAGCAAACCCGTTAGCGTG,2
GATGTTATCGATGACCGCGG,1296
TGCTGGCCTGGTATCCACAC,785
AGCAGGCCAAGACTTACATG,38
AGGACATTGACTCCACACGA,940
CTGAAAATGCTTGACTGGTG,438
CCAGACGCCATTCTTAGGTG,1812
GAGAGGAACAGATCCGACGA,393
GATGCGACTCTCCTCGCGGG,1177
TATGTGGCTAAAGTCGCCCA,891
ATTACATACATCGTAAGCTC,195
GCATCTCCCGCGCCGCACCG,1930
TATGAATAGTAACTTGAGTG,21
AAGGAGTATTACTCCTCGAG,204
AGGAAGATTATGATGCAATG,130
GGAGAATCCCAAACCGAACA,667
CAGGCACGACACCCCGAGAG,518
ATCGCGCTGACACAGAGGTG,883
AAGGGTGAATCGAATTGCCA,417
ATATCCAGTTGTTAGGGCAT,252
TTGTCACAGTACATTGATGT,17
TGGCCCGAAAGAAGCACCGT,13
ACTCCATGATTATCCAGACA,109
AGATTAGAATCAATGCCCCT,15
ATCCAGGAATCGGAATACGC,135
ACGACGAAGAATTCATATAG,120
CTTGGTCCAGAGCATGGTGA,27
ACACTTACGTGATCCGGAAG,198
GAAACCTGATGAATCTGGCG,644
GGTTTCTACTCACCACCGTG,247
ACCAGGATACCACACTTCGG,708
CTTGGACTTTCGCCGAAAGT,990
GAAGCCATGGAACCAAAGAG,265
GACGTAAAGATAGCCCTCCA,11
CAGCCAATGAACCTGACCCA,2004
CAAGCACCTAGACAACCTGT,79
AGGATGATATGATTGTCCGC,10
CATCAAGGAAGACCCGTCTG,849
AAACATGTCCATGAAACCGC,765
CGAATGTGTGGACCCCGCCG,1698
ACCTTCTAGTGAGCCCCAAG,410
TGTATGCCATACTACCTGGA,8
CCAGAGTCCACAGCACCGTG,36
AAATACTTGCAAACCAACGA,33
GCAGACTGGTGTACTCGCTG,760
GCTCCGGATAGTCTTCCGGG,873
AGCTCCACGCGGGAGCCAAG,6
GACTGACGTGAAGAAGATCA,274
GTACTAAGCTGACAGAAGCA,89
GGTGGTAGTCCATCCAGAGT,302
TGTTGACATAGAAACCTACA,156
TATGAGGCTGAACGAAACAA,209
GTAACAAAGGCAAGAAGCGG,149
GCCCGAGATGGAGACTACGA,908
TACATGTAAATCCCTTGCGA,97
TCCCCGGGAACAGTTCACCA,831
TCATCAAAGCGGTACTCATG,1
GAGCAACCTTGGCCAACACT,658
AACATTGAAACACTCTACCT,187
CCCCGACCGTAATGATACAG,334
TCGTCAAGACCAAACAACGC,872
GAGCGGAACCGAAACCGTGT,1583
AAGGCAGCCAGGTTTCGAGT,1419
CATGCTCAACCAGTGCACCC,1250
GCAGAGGCTAGAGGCTATGG,792
CCAGAGCATGCCATCAACAT,952
AAAGCTTCCCAGGTAATGTG,558
TCTTCCGCGAGCGGTCGATG,758
TCCCACAAGGAGTACAAGCG,3
GAGCCCTACGCCGACTACGG,827
GATAACGTTGAATCCCACTT,201
TCCAGGTGCCGAAGCGAACG,936
TTATGCCTGAAATTCAACAG,85
CCAAATCTGGAAGTTGACGA,314
TTTCTAATCCAGCATCAGCG,279
GACTATGAGATGATCTTCCG,695
CAAAATTGCCCGAGTAACAG,25
AAGGCCATCCCGATGTGGGT,1020
GATGGCGTACGCTACACCAA,18
ACTTACCAAGACCTCCTGGG,498
CTTACCTGAAGTAACTCGTA,22
ACAAGAGATTCCATTCGAGA,250
TTCGTTACCAGGTGCTATCG,1152
CAGACGGGTTGAACCTAAGG,22
AGCTTCGAAGAATAGGCATG,305
GGTGTAATAAGTCACTACGT,116
ATGTCAAGAATATCGTCGTC,3
CTGTATGAGGGCATCAAGGT,321
TCTACACCAGTTTCTAAAGT,263
TGGCCGAGACAGGCACACGA,20
GAACTCGAGTTCATCTCGCA,1175
TACCTCTATGACACAGAACG,28
TTTACTGAATGATTCCCGAG,5
ACTCACTCAGATCCTGACAT,380
GGGCCGTGCAGATCGCCAGA,42
AGGAATCCAAGTGGTCTACG,960
GAGCCCCAGAACCGGCGACG,557
TGACCGTGAACATGACTGCA,940
GCCTCCCCCTGCGAGCAGCG,1333
ATGATGGCCGAGTAGTCCTG,5
CAATATTAATTACCGGACAG,37
GTGCTCGCGCATCGTGCGCG,238
ACAACTTATATGGATCCCAC,273
AGGGAACGAATCCACGCTAA,253
CAAGCACCTTGTTACCTCAG,508
GAGGACCTCTTCCAAGCGTG,662
CCTCTTTCGACTCCCCAATG,3
ATCTGAGCCGCTATGATGAG,411
GGGTGAAGACTGCCAACCGG,745
CGGCGACCTCTTCAGTAGTG,2169
TCCACAGTATAACGCCCCAG,5
TTGTGCAATACCAGTAGACA,189
CAGCTCAAAGGTGACACATG,619
CATAGATGCAGCTTACTGAG,472
CAATGACCACACCCACCACT,1720
GCCCCGCCCGAAAACCAGGT,661
ATACTTCCAGATCACGATAG,215
GCCAATTCGGTCAAGACACG,757
TGGAGTGTATTACTGCTCCG,585
GGAGCCGCACACGAACAGCG,1448
AAAAACTGTCCTCAAAAGCA,102
TCTTTGTGCTGCCCGAGTTG,2
TATGCAAATATCCTCCACTA,247
GCAGAAGTAATAGCTTCCCT,304
GTACACACCTGAAAGTCACA,303
GTGGTCGTAGACGCTAATGT,317
GAGGAAGGAACTCTGAACGA,227
AGTTCATCTCCTCTGACACA,402
GAATTAAGCACCTCGAAAGG,178
TGACACTGGATAATGTTGCT,182
AGAGCTAACAGGTGACAAGG,327
AGCCACAACAAGCTGGACAA,1211
GCAAAATTGAAGGTCTACGA,70
GAAGGTGCGATTGTTGTGGA,20
GGGGCAAGCCTGAGTATCTG,18
CCCAGTAGGCCAGCTCGTCG,13
CGCCTCTCTACAGTCCCACG,1422
CCAGCAAGATGACTCCATGA,544
GCATTAGGGCCTCGGGCATG,7
TGGATGTGACACACAACCCC,14
AGCCTGCTGTAGGCGAACAA,523
CCACCACCGATGCCAGACAA,1881
GCCAAAGGGCACTATACGGA,319
GGAGAATGCCATCGACCGCG,1037
ACTTTGAAGTCAGAGTTGAT,585
AACAGCAATATGGAGAAACC,50
GAATCCGGAGCCTAAGCTGA,536
CTTCTCGTGCCGTAACCGGA,958
AAATTGAAGAATTGCAACAG,62
GGCGGGTACGAGCTGCGAAG,17
TGGATGCGATCTGTCTCATG,206
GTGCCAAGCAGCGACCACCC,2103
GACCTCAGTTGGTCCGCCGG,43
GACAGGTGTCTTAGACACAT,139
TGTGGCAAGCAACATCATGT,65
GCTTGGCACTGCACCTGCGA,992
TTGCCTAAGATTCTCAAGAG,225
TGTTGTCAATGGTTACTCCG,592
TACAGGTTGATGCACTTCGA,8
CCGTCGCCCGCGGGATCAGA,464
AGTCGAAGGTGTCATACTCG,326
CACGTCATTATCAACGTCGG,63
ATCAGTTCTGAGCAACTCGT,525
CTGTGGAACGATGACAACAT,392
AGGATCGCGAGGGCTTCACG,14
CTGTTCTAGACATTGGTGCA,186
AGTCGCCCAAACCTTAGGGA,224
GGGCGAAGTAGTAGTCGCGG,706
AGCCAGCGACGACCATCAGG,2061
ACTGACGAATGTCTCAATCT,148
ATCCTTACATTATGTCGATG,1
GGTCCGAGGATGTTCTAGGG,15
GCAGCTTGGACCGAGTAGTG,744
GTCATGTTCAGACGAAACGT,32
CAGGGAACAACGAAGCATCT,408
GCTTGATATAGCGAAGTCGC,8
GGAGCCACATCCAAGTCACA,749
GGAGGGACAGAAGATACTAA,119
CTTGGGCTGCCATCGCAGCG,37
CCGGAAATGTACAATCACAG,344
CTGCTTGTATCCATCTACCA,56
TTAGGATCTTACCTAGGTCG,14
ACTTGTACTCACGGACGAAG,479
CTGCAATACCAATTTGGCAT,706
AGCCGAGGAAACTAGGAACC,2
AGGAGGCAAACGGATCAACA,597
GCGGCCCATCGTACCCGCGT,3210
CTCCGGGCCCTACCGACGCG,45
CTGTGAAAAGCGAGAGCAGT,119
CAAGTAGGAGACCAGCTCCT,46
CGAAGATCGTAGACAACAAG,309
CTTGGAGATCGGAGCACCCG,897
TAAGTGCAAGATCATCCATA,357
TCAACTTCTGCATTGAACCG,12
GAGGCGCGCCTAGACCAGGG,1247
GATCCCATTAGAAAGAAACG,47
GTTCAATGGGCGGTACCATG,1073
GCAAGGCATGACCAAAGTGT,937
AGCCAGGACAGCATACCAGT,790
AAAGTCCTAAGCCTTACATG,212
AGACATCCTGTGTTCACTCG,1072
TCACTTCCTAAGAGTCGACA,212
CAGGCTCACAGAACGCGAGT,918
TGTGCCCCCAGACTGATTAG,873
CAGAAGGCTACCCAGCGGAG,1414
GATTAAGGCACCTTTCACTG,483
CCACCAACACGTCGACATTG,1548
CGGAAGGGTGTTTAAAACCG,742
GACACCCCGTACGAGCCGGA,934
ACAGGCTGGGTGTAGTACGA,812
CAGACCATCCAACGCCAGCA,2017
ACTTTCACTGAGGTGCACGA,609
GAAAAACGTACCGTCTGCTG,869
GGTGGTTCCGGGCTAACCAT,425
GACAGCACATCTGGACGGGG,670
GAGGAGGATGGATAATCTGG,53
ACAGTGACAGACGTACAAGG,279
CCTGGATATCCATGTCTAAG,260
TCTTGGACTTCAATCAAGCT,30
AATGTGGAAATGGAAACTCG,90
ATGGAGCCGTACGTATCTCA,37
ATTCAGTCAGACTCGGAATG,401
GGCGCACGGATGAGAGCTTG,1128
CTTGGATCTAATGGCAGATG,11
CTGTACGCTTCGGCCCCTGG,17
CACGCGTGATTTCGCCACTG,31
GTCCACATCATCGATTCGGT,1292
ACAAGATAGAGTACGGTTTG,5
AGAGGACGGTTATCGCACGG,329
CCTGTGCTCCATGTACGCGC,1745
CGGACCGGCCCAGTTCCACG,1840
CCAGGGAGTAGAGTGGAGGC,500
CCTGTCATTAAAATGGGCAC,224
CATTTATCAAGTTTAGGGTA,88
ACCATGCCTCAATGTCTACA,9
CTGGAGGCCAGTGCCTCGAA,596
ACCAACGCAGCCCCTGACCC,1212
AGGGCATCTCTGAGAGAGAA,172
GTGTGGTGCACTACACAGGT,937
TCGGGACTGGCTAAGACACC,1003
TCAGTGTGATCGACACACCG,597
TTTCGAAGAGCAGCATTACG,217
GAGGGTACTATGGAATGCAA,316
TTTCTTTGGATCCACCACCA,1050
GCTATGCGGCTAGTATCCGG,823
GGAGAATGGCCATATGAATG,66
GTTAAGATGTAACCACGAAG,138
GGGATGGCAGAGTTTCGACG,971
TGTTGATCCTAGGATCGAGG,324
AGTCTGGGTGGACATATAAG,184
TATTTGATGATATACAGAGT,12
GGCTTCCAACAATGTGACCC,236
GGGGAGTGCTCTTCACGAAG,24
GTACCTGTCAAGTCGTCAGT,1121
TGATAATGTTACAGGCGTAG,161
CCGTGTAACATCACCCCCTG,1148
ATGCCATGTGGGATACTGAG,330
GGAGTGGAAACGCTTCATCG,701
ACATGGATAATAAAGCTCAG,54
GGTTACTTCAGGGGGCACTG,689
CTTCTTGTGCTGAATCATGT,251
GCAACAAGAAGGCTTTCAAG,29
TGTCAGGAGCACATGCCACT,612
GAACAGATAAAGATTCATCG,31
CTATTTCGTGAAGTACCGAA,131
TCAACCAGACCGTCAGCCCA,1304
GGCTGGTTATCAATCCATGG,421
ACTAGCTCGGTTTGACAACC,484
TCAACGGTATAGAAGTGTCC,454
CTGGCGAGGCTGTATGACGA,1117
AGCCATATGCTGGTTGGGGT,8
TGAATGGCACACAGTGCGTG,954
CCCGTACATGGGCAGCCCCG,1004
TCTTACCTGAAGTGTCCCAC,789
CAGGGTGAACACATACAGAA,443
ACATGCGGCTCATGTGCTGA,852
GCTGTGGACGACTTTGTAGG,79
CCTCTAGAGACTGACCTACG,686
GCAGATGTGGAATTGTACGG,34
CACAGCTGTGAATCCGATGT,1365
GCCCAAGCTAGACCACAACC,1022
AACATCACCACCATTCAGTG,11
GTTTCCGGGGCCACATGGCG,14
AGGTGACCACTATCACCCAA,16
CGGGACAACTAACCACAGAT,986
ATGACGGCGGACACGCGGAG,1223
GATGAACGTGAATGAGACCG,388
CCGCATCTATATGACCAACC,88
CCCAGATCCGGGAGACACGG,1097
CGCAGCTCACGCGCACGCAG,203
AGGCGTGTAGGTCTCAACGG,547
TGTGATCCGAGTTGACACTG,1191
GCTACTGCTGGATTAGCACC,362
ACATCAACACGTTACATGGG,906
TGTCAATGTCCTGTTGCATG,8
TAGCACGAGGAAAACGCCTG,348
AACTGGATCAAACCATCATG,56
ACTGGGCAATACCGCAACAG,499
CAGACTATCTCTGAGACTCG,533
ACTGGACAATAAATACAAGT,105
GAGAGTGCTAGAGAAACATG,657
GTGGCGCTCCACATACTGCG,1873
TGCAGGCCGAGTACACGGAG,838
GTTGCCGACGATCTTCCCGC,1289
ACATGGGCCATGAGGCAACG,464
TTCGTTCAAAGTGCTCCGCG,1787
GAAGATCGTCGGCAACAAAT,292
GCGGCACAGGGATTACAAGG,423
ACCCCACAGTCTGAAATGGG,618
AAAGCACCTTAGGACTTCCG,1059
AGTGGAGCGTTCCACGCGCA,697
ACATACCTAACTGCTCTCTG,439
CAGACTAGCCGATCACCTCG,699
ACGACGGCACTTCTCACGAA,848
GCAAGCGTACGGATCCCCAG,840
CTTGCCAGAAGATGCGTGGA,438
TTGGAGAACACTCTTCAGGG,608
GAACAGCTTGTAAACCGCAA,436
AGAGCAGACGTCAAGTCCTG,857
CCTTTATTCTTAGAGTCACA,155
GAAGATTTGATCATAGGCAA,48
GCATTATGTGAGGATGCGGA,854
GGGGGAGTATGTGATCGCGG,1213
GAAGCTCCACCAGACCGTCG,64
TTCGTAGCATCAGTCGAACA,32
GGCTCCCGTGAAGGTCCGCG,915
CGAAGGACAAAATGACACAA,321
GATTCAGAAGATAACGGATG,318
CCTGATACATGTGAACGTGT,631
GTTTCCATAACACCATAGGG,41
AGTTGAGCGTCGTCGTATGG,1833
GTTCCAAGTGAAGAGACCAG,160
GCCCAGGCCACCAACAAGTG,1049
TGCCAAAGATCTCCACATGT,804
GAACACTAGAGAATACAGGG,196
ATTTCTGCGCACCTATGCTG,960
CCTTCAGCTGACCGCCAGTG,1320
TGAACCGCGAGGGAGCACCC,596
CACGGAAGAGTACTGCATGG,1147
CTTCAACGTCAGTCTGGACG,1142
GTGATTAATGTGGCCCAAGG,109
AAGGTGTGGTCTATTCAGGT,234
GCTGGCGCTCACATAAGCAA,1153
TATGACGCCTTGAAGCACTG,243
GCCTGGTCGTCTGACCGCTG,1648
CTTCGGGGTCTGCGCCGAAG,2186
GATTTGGAAAAACCGCTATG,405
GTGGTGGGGGAGACTCACTC,1348
GCAGTACATGCAGAATGTAG,244
TTCCCGGTAGAGCGGCAGAG,1374
AAGTACCGCAACTCTCTCAA,650
GTATGTGGAACGACTTCATG,365
TCATCTCCAACAATCCACGC,6
TGGCGGTGGAAACCGCCTTG,188
GGCACGTCTAGAAAACGACA,28
CAAGGTACCTTAGCATTGAG,13
ATTGGCTGTCTAGACAACCG,782
TTGGAGTGATGAATTAGCGC,1099
GTCCCGGCGCGGAGTCACGG,23
CTGGCGAGGAGAACAAGGCG,645
TGTTCAACAAAAGACATAGC,505
AATTCCAGATTGCATTCACT,331
TCGCTTTCAAAAGGCATTCG,1329
CAATGACTAGGTGCCGCAGG,1306
CTTCGACCTCTACCTCAGAT,562
TGGAGAGACCCACCACACAG,886
GAAGACAGTGCTTCTCGTAG,371
TATTATCCGAGCTTTCTCTG,329
GCACGAGCGGGAAATCACGA,44
ACACACAAAAGGTCGATCGG,796
CCAGGATCTGGACCGAATGG,2226
CATCTAGCCGCGTTACCTGG,1568
CAGCTTGTCCAACTGGTCGG,959
TGTGATAAAAGCCCCCACAT,223
GCTGATGCGTCCAATGTCCA,741
GTAACTTGGTATCAAACATG,123
TCACGTGGGAGGTTATCAAG,5
CTCAACCAAACCGGACCACG,41
TCTTCGTAGAGCAGTAGCAG,192
AGTCTCGGGTACTCTACTTG,4
GGCTGGTCCTCCTCACAAAG,763
GAGCACGCTGCGTGAAGCTG,1486
GACTGGTCCTTACCGCGTCG,2159
TCTACTGTGTACCCAAACTG,5
GTGGTTGAATCATAGGCAAG,17
TTCTGCAGCGAGTTTATCAA,377
GAGTGATGTGAGCATACACA,75
GCCTCACAACTACCCATACG,42
AGGAAAAAGATCTTGGAAGT,5
CGGGCCCAGGACTTAGCAAG,558
GTCCAGGACATCTGTGTACG,1281
CAGGACTTCGGATTGAGGAG,71
CCAGCACGACTGCGTACCCA,1913
CTCTGCCTAGAACACTTCGG,802
TGGCAGTCCAGGCACGCCCG,1365
GGAGATCACCCCTCACAATG,753
CCTGCGGGCCCGACACCCCG,28
AGTACCGAGATGCTGTGAGT,7
GCATGGTACATACTTGTAGA,102
TACAATGCACAGGTTCACGT,390
AGTGAACTATGAACGAGTGA,26
GCGATGTCCATAAAAACCGG,27
GCAATAGGTCGATAGCCCCC,1114
CCGGACAGCCTACCGCCACG,114
TCTTTCCAAAGCGACCCTCA,4
ATGGACAGCAAACAGCAACG,33
AAGCGGTAATACTCTTCCAG,90
CCAGTCAGACACGCCCCTTG,14
CCTACAAAACTGGACCCCGA,803
GTTGGAATTAGTAACCATCG,30
TCACATAAAAAGAAAACGCA,59
TGCCAAGGAGGCTCGCAACA,17
TTTGTAGAACAATTATCAAA,13
AATGAGCTGGAGCTTATAGA,11
CTTCCTTGCCAGAGTACTTG,506
GCCGTCGTGTAGTAGCCGTG,906
GGGGCACCAAAACAGATACC,22
CTGGTGAAAATCATCGCCAG,967
TTCTGGATGATAGCTCGCAG,11
GTGCAGACACCAACAATCTG,725
AAAGTCCAGATATTTGAGCA,7
AGTGCAGCTAAGCTGGCACA,1105
TGACAAAGAGAACACATCTA,149
GGCCGAAGCGCGCCGGACGA,1242
ACAATGGGCTAGGGATCAGG,957
AAATCCAATGCATGTAGCTG,144
CCAGGTCACGATCATTCATG,44
AAGATGTATCGAATATCCCC,244
GTCTACACACACGTTCTCTG,775
TCAGGAATCCAAGAAAGACA,171
CAAACGGCATCTCAACCTAG,790
TCTCCACTGAGAGACAAACC,157
TTTCCAATTGTAGGCCACGG,2
CTCAAAGATGTGCTCAATGT,624
GGACTATGTATGGCTCACTC,17
GATGAGGCCGAATCCAACGA,660
AATGACTTACAAATTGCACA,31
CATAGCAGTTAAGTACTCGG,365
GAGAAGCCAATAAATTACCG,394
TTGGGCCTGTACCGAATAGG,19
GGCCACTACCGAGCGCACGG,741
AGTGTGTTCAGCACTCACGC,763
ACTAGTGAGAGCCAGATGGG,417
TGCTTCCACTAGGCCCGAGG,20
ATCTACGCATCCCCCATGAG,580
AAGCCACTGTGTAAAAATGT,10
CCTCTGTGATGCGTGCGTCG,2189
TCTAGTGCGAAAATCTAAGG,122
CAGAGCAATACCAACCAGGA,472
GCGTGACGGACGTCAGGTTG,8352
AAGGACGTGATTGTCCGATG,475
AGCTGGGTGGAAAACCATCG,1029
AAGGTGGTGACTTCTCGGGG,1677
GTGAATGACGTCAAAATCGG,46
ACTCTGCATGGACTGCCAAG,758
GCACGACGTGAAGTACCCAC,718
TGTGGATCTTCACATGACTC,534
GGTTATCAGAGCGAAGGAGA,60
TAGGCATCGTAGAGTCGTGA,353
CTGCCTTGGAGTATCAGATG,770
AAGTATCCCATTCAAGACAC,53
AACAAGAGTAAGACTCACGA,222
CCTGGGTAGACAATCCCTGT,781
GCAGACCATCGACGGAAGCA,79
GAAGTCGCATGACGTAAACG,20
TAAACTGACCCTCTCCCTGT,556
AAACGAACTGGCTCACAAGG,6
ATGTGGTACCTATAACGGCA,473
TCAGCTGAATATAATACAAG,39
GAAGCGTGAAGTCAACTCAG,88
TGGGCACGTACTACTGAACG,16
GGCACCGAAGTCATTAAACA,308
GTGTTCCAGCCCACACCACA,742
ACTCTCACACCCGTACCGGG,358
TGGATCTTCTGCATCCACGC,871
AAATAAACAGAGTTACATAG,25
ACTCACCTATGCTGGAGCGT,461
CTGGCACTCACCATTTCCAC,906
CGAGATCCTACCCTACGGTG,587
GTGGACTTCCTACTAGCACA,70
AAGAGAGGTCGGAACCTTCG,541
GTTGCCAGCGAAGAAGGAGT,311
CTGTCCACCATAATGGGACA,614
CGGAACCGGCCCGATCCTGG,2816
TGTCCGTCTGAAATCTCCCA,1008
TAATTTAATAGTCCAGAACC,153
TCAACCGAGCTCCATCCATG,601
TGTAATTCTCAAACACCGTA,96
CCCAATGGGCCCCGGCAGGT,898
GAGAAGTCAGAATCCACACA,404
CTGTGCTCCTGGCTATATCG,17
GCCTGCGGGGAACTCAGCAA,2013
GGAGTCCAAGTGATTGAGTG,61
TCTACATTTCTCGGTAACAA,116
GGGTCCGCGCTTCTTACCCA,1214
GGACGAGAAGCAAACTATGG,242
AGCTAACATCTCAGCCTGGG,44
GATGTCCAGCAGTGATAGTG,318
GAAAAAATCTGCATCCGATG,99
GCGAACGTGTAGCTACAAAG,232
GTTCCCAGGTCACAAACCAA,871
GCACAGAACACACATAGGAG,220
GCAGGAGGAAATCATTAACC,100
ATGTCGGCGCAGACCGCGAG,840
TTGAGCTTGATAATGATGCA,469
CCTGGAGTACAACTTCAACA,944
CGAGTTAACGTGGTACTCAG,42
CATACTGAATCCTCTTGATG,36
CTCCAGTTGACACTCAGTGA,20
TGCACATCGTAGGACACAGG,695
TCAAAACGGACTATATAGAG,25
TTCAGCCAGAAGATTCACCT,289
TCACCTTCGACTAGTCACGC,931
CGTGGGAAAAGACACAATAA,254
CCGAATACCAGGATTCGGGT,48
TGTAAAGCACTGGACCCTCG,712
CGGCAAGTGAGGACCATCGG,2223
GTTCTATCAGGAGTCTCACG,453
GTCAGAAGTCCCGCACTGAG,665
GAACTTCCTGAGGACGCCCG,1192
ATCCAAGCTCAACACCATCG,24
TCATACAGGACATCAGCCGG,26
GTCGCTATGTAGGTCTATCG,3
CATAGCGGTAATACTCGCCA,67
CCCAGTCCGAGAGACAACTG,18
CAGCCGTGGAAACGGCCATG,465
TGTCGAAACAGTGCACCCGA,631
CTGGGGCAAGTTCAGCCGTG,1123
GAAGAAATACGTACGTTTGG,30
GGACTCTTGTCTGTACCGAG,34
GGACATTCTTGTGCCAACGA,15
AAGATGATATGTCCGCACGA,6
AACTGAATCGAACGGCCAAG,3
GCTTCTCACAGTAAGATGCA,267
TCAGTGTCTTCAGAAATCAC,446
AGACATAAAAGGCATCCAGT,179
AAGCTTCAAAAGCAGTCACT,11
TCACACTTGGAGTTACAGCA,11
TACCTGGATCTAGCACGATG,400
TTCTTAATCATCCAAAGACC,176
ATATTGGCTCATCGAATTGG,294
ATATACATACCCGTCCACTC,174
CTTATTGTACCGCTTCAGGT,20
GAAGGACCCAGACATTTCTG,281
AGCTCCAATTAGCCCCACCA,825
CACATCGTGCACCCCGACGA,597
AAGAGGTTGGAATCATACTT,11
AGGCAACGGCCCCAAGGTCG,574
ATGAAGACAGGATGGCCCAG,433
CAGGTCACAGACTCCAACCC,743
CAACTGCAACCCCCTCACAA,31
CTAGAACCCCAAGAGGCAGG,300
AGATACGATCAGGATAAAGC,11
GAAGAGAAGTAGCCCCCGAG,102
ACTGGAGAGAAACCCTACGA,213
AGGGTCTGTAGAGATTCCCT,368
GCTGGCCTACTCCGGTTATG,2127
CACAGATGCCCGGGTCACTG,1480
TCTACTCCCTGATAGCCCCA,412
AGGGTCCGTCTGTACAAGTA,700
CCATCTTCACACTGGATACG,462
GGGCGAATGTCCAGTTACTT,290
GATGCTTAAAGACTACACGA,115
TGAAGATGTCAGAGTCAAGC,537
TACCAGTGTCAGAGTCTCCG,489
AAGACCAGTGAACTAAGGGA,729
ACTCTGAAGAACCTCCAAGC,517
TTCAGCCATCTATCGCTGTG,1438
GGGCAAATGTCCAGTTACGT,447
ACAGCACTACCAAGCTTGAA,317
TGCACACCTCCAGTTCCAAG,588
GCTTGCTCAAAAAACTGGAC,270
AAGCTTAGCACAAGACTCAG,316
CTTGTTCCAATTAATGAAGG,100
ATTAGGCTCAAGGATATGTG,1
AGCTCGACTAAGGCTCCGGG,9
CATGGCAGGACTTACGAGCA,599
ACATCTCTGAACTTGAAAAC,128
TCCCACCCGAAAACCCCTGA,219
AAAAACCAACCTCAAGCATG,357
TTCCTGCTTTCAGGACCTCA,508
GAGTCCCGGACTATAATTCG,745
GCCCAAGAATCAGTCTAAGG,740
GCAGTGGATCCTCGATACCG,911
GCCAATCTCATGGGCCACAG,208
CAGATTATCATGACTAACAG,114
GATGGTAAGACTTCGTGATG,281
GTAGTTTAATGGCTGCACGT,10
TGCTCACTCCCACGTCACAG,824
TGAAGTCGGACAGCTCATTG,38
TGGCAGTGATGGGCACGACG,1903
AAGTATGGAACTGATAGACG,18
GGCTTCCCCGGACACGCCTG,31
TCAGGTTATCTTCTACCGAG,68
TTGCACAGGCCGTCGCCGAA,14
AGGCACTGGGATCTCACCAT,1333
TTACTTACCCAGTAACATCT,56
TTTGGTACGACATTGCTCTG,401
GTCATGAATGAGGTCTCTGA,375
TAAGATATCTTGTCCAAACG,86
GAAGACCTGGACATTCGGTG,1213
GAAGCCGTACCTTCTGATCA,26
ACCTCAGTGTCAAAAATACC,13
GATGTCCCAAAAGGCAACAC,650
AATGGGCAATGAAATGACCT,277
TCAGCGTGATTGGTCAAACG,802
GACTGGTTAACCCACATGTG,780
AGGATTTGAGTTGAAGCGTG,208
TTGAAATGTATCAGCGACAG,152
GTGCAATTGTGGTAATGCAA,237
GCTGAAAGTTCAACAAACGA,220
TCTGCACATAGCTGTGACAG,640
CATAAAGAACCTAAATGGAC,47
CTTACTTAGGCCATTCAGGT,68
GGTGTAGCGGTCGGAGTAGA,830
TCTACTCACCCATCTGGACA,23
TTACTCGCAGTTACCAAGTG,26
CACACACTTCCTGATGAACG,608
ACTGTGCCCCAAGACCGGAC,989
TGTCCCAGACTTTAACATAG,12
GAGAGTACCGGCCATAAATG,13
GCAGTTTGACCACTACCTCG,1359
TACAGCTGACAATTATCATG,11
GTTGCCTCCACACGATAACG,1016
TCCTTCCAGAAATACGAACA,146
GAGTATATCCCGCAGCACCG,392
CTGATTCGTGAAATTCACAG,264
GTACTTACAGGAGAATGGAA,129
AATGGGGGGATGGTATCCGT,475
CTGTTACCTCCCGAAAAGGG,349
TGCATGGATGAAGTGTATGG,226
CTCCCGGAGCAAAACCCCGG,406
TTTGTGGACAATTTGTGCGC,975
ACTATGGAGTCATTTCCCGG,905
AGGACTACGCATTGCCCGCG,1235
GAGTTCCACTATCGACCGAG,633
GTGCTGATAAGACCCGAACG,733
GTACCACCTTCGGCTCAATG,960
ATCTGCGTTACCGATTCCAC,881
AAAGTAAAACAGCTCCACGT,424
TAGTCATGCATTATATCCGG,320
GACCGATGCCAATTCTCTGA,986
GGCTACAGCACCACGCCTGG,1319
TGACCCCGGGAATCTGAGGG,281
CCCTGGAATTGGGCAACTCG,1014
CTGCCCGGAATTCTACTCCA,913
TGGAGACCTCCACACAGCAC,51
AGATTTCATTATAACCAAGA,7
TCTTGGCAGATGTTGAACGT,557
TCCAGTAGTACCTTCACGGG,540
AAACCAACGGGATTACCCCG,413
ATATATCAACGTTAGAGACT,60
CTTACAAAATGCCTGCGATG,541
GCAGACTGAGTATAAATACG,199
GCTTGGGTAAAACACCACCA,238
CCAGTCACCCCGATTACCCA,889
ACAACGGCATCAAGCATGGA,491
GAGGCAGAAGTTTACCAACA,430
CTGTCTGTGAACCATCATAG,29
CAAGCAATAATGCCCGCCGG,1583
CGAAACAATGGCGCCACCCG,54
TGCAGCTCGAGGGTGAGCTA,7
AGGAGGAATTATCGTGCGCG,849
TCAACGCCATGACCTACCCC,1008
CTACTCGAGTGTTGCCACTG,1325
ATTGAAAAGAGACTCAACCG,227
GGCCCTATAGTGACTCTCCA,365
AGGGCTGAGGATATGCTCAT,775
GACAGTCCGGGTCACCACGT,1130
GAGTGCTACAGAACTGCCCG,1536
AGGGAATATCTGATGTAGCG,148
TTTCTGCTCAAGGAATACGG,415
CTCCCGTTCCAGGTTCCCAG,700
GATAAACTCATTAAAATTTG,89
CCTTGGAGTGAAGGATCGCA,980
AAGGTTATCAGACCGCCACG,1005
AATGGCAGCTGGTCAACGGA,1268
AATCCATCAGCCGACCACGT,237
GACAGGAATGATGTTGCTCG,153
GCAAAGGCTGACTTACCCCG,1383
CAAACACAGCACCCCACAGT,984
CTTCCCAGATCACATGGCAA,22
GTTACACTCTATCTACACCT,323
TTCTCCAAGAACCCTAACCA,235
CTAAAGGGCGATCTCAACAA,623
